city,neighbourhood,total_count,average_price
Rome,I Centro Storico,9790,132.07
Paris,Buttes-Montmartre,6406,89.4
Rio de Janeiro,Copacabana,6226,631.65
Paris,Popincourt,5516,93.82
Sydney,Sydney,4857,216.52
Mexico City,Cuauhtemoc,4577,1426.98
Rome,I Centro Storico,4131,122.68
Istanbul,Beyoglu,4131,476.15
Paris,Vaugirard,4125,107.54
Paris,Enclos-St-Laurent,3972,106.57
Paris,Batignolles-Monceau,3732,100.85
Paris,Menilmontant,3171,79.5
Sydney,Waverley,3149,325.29
Paris,Buttes-Chaumont,3050,87.51
Sydney,Sydney,2876,152.87
Paris,Passy,2809,167.15
Mexico City,Cuauhtemoc,2754,894.5
Paris,Temple,2718,138.81
Cape Town,Ward 115,2712,1832.37
Paris,Opera,2518,115.15
Paris,Reuilly,2244,93.98
Istanbul,Beyoglu,2201,348.45
Rio de Janeiro,Ipanema,2188,824.31
Rio de Janeiro,Barra da Tijuca,2074,1140.08
Paris,Observatoire,2073,96.21
Cape Town,Ward 54,2051,6714.91
Mexico City,Miguel Hidalgo,2045,2029.87
Hong Kong,Yau Tsim Mong,1978,617.9
Istanbul,Sisli,1976,958.56
Paris,Bourse,1940,150.91
Paris,Gobelins,1801,105.68
Paris,Pantheon,1799,121.69
Paris,Hotel-de-Ville,1786,143.44
Sydney,Randwick,1703,260.68
Istanbul,Fatih,1694,1014.73
Bangkok,Khlong Toei,1659,1840.4
Paris,Luxembourg,1617,161.5
Mexico City,Benito Juarez,1578,640.15
Bangkok,Vadhana,1550,2608.96
Paris,Palais-Bourbon,1525,145.62
Sydney,Waverley,1503,100.3
Mexico City,Benito Juarez,1488,1077.58
New York,Bedford-Stuyvesant,1456,65.81
Istanbul,Sisli,1389,260.44
Paris,Elysee,1387,195.59
New York,Williamsburg,1369,78.53
Rio de Janeiro,Copacabana,1359,945.84
New York,Williamsburg,1339,186.01
Sydney,Warringah,1317,341.22
Istanbul,Kadikoy,1317,194.12
Sydney,Randwick,1249,97.17
Sydney,Manly,1248,385.27
Istanbul,Fatih,1222,656.93
New York,Bedford-Stuyvesant,1201,153.48
Paris,Louvre,1189,173.63
Mexico City,Miguel Hidalgo,1178,1014.86
New York,Bushwick,1148,61.39
Rome,VII San Giovanni/Cinecitta,1142,81.05
Rome,II Parioli/Nomentano,1128,106.69
New York,Harlem,1120,76.5
Rome,XIII Aurelia,1105,106.64
Sydney,Pittwater,1075,653.42
Mexico City,Coyoacan,1051,590.84
Bangkok,Huai Khwang,1044,1756.95
New York,Upper East Side,1043,189.21
Rio de Janeiro,Leblon,1017,915.77
Sydney,Woollahra,970,402.02
New York,Hell's Kitchen,969,203.45
Rio de Janeiro,Jacarepagua,969,735.25
New York,Upper West Side,941,252.33
Cape Town,Ward 77,937,2585.78
New York,Midtown,921,240.82
Rio de Janeiro,Recreio dos Bandeirantes,884,894.81
Rome,I Centro Storico,872,105.77
Rome,XII Monte Verde,863,93.78
Istanbul,Kadikoy,850,436.11
Rome,VII San Giovanni/Cinecitta,837,50.16
Istanbul,Besiktas,834,279.69
Cape Town,Ward 23,831,1839.55
New York,East Village,828,206.28
New York,Harlem,826,162.13
Bangkok,Ratchathewi,819,1864.96
Sydney,North Sydney,808,243.95
Hong Kong,Wan Chai,801,441.08
Rio de Janeiro,Botafogo,796,783.2
Cape Town,Ward 74,775,4003.79
Rome,II Parioli/Nomentano,770,116.82
Istanbul,Besiktas,738,677.52
Cape Town,Ward 64,735,1619.65
Paris,Buttes-Montmartre,726,63.36
Hong Kong,Yau Tsim Mong,723,983.75
Bangkok,Vadhana,681,2381.53
Cape Town,Ward 61,663,2250.04
Rio de Janeiro,Barra da Tijuca,611,457.5
Paris,Buttes-Chaumont,601,59.35
Rome,V Prenestino/Centocelle,594,58.92
Paris,Popincourt,594,55.83
New York,Chelsea,593,233.9
Rio de Janeiro,Centro,572,305.95
Sydney,Marrickville,571,170.88
Sydney,Leichhardt,569,257.46
New York,Crown Heights,566,156.45
Mexico City,Coyoacan,563,1253.68
Paris,Vaugirard,563,98.82
New York,Crown Heights,552,66.6
Paris,Menilmontant,547,48.36
Mexico City,Tlalpan,542,487.53
Paris,Enclos-St-Laurent,538,73.41
Bangkok,Sathon,535,1985.97
Bangkok,Khlong Toei,535,4179.84
Sydney,Marrickville,524,71.67
Hong Kong,Wan Chai,520,973.08
Istanbul,Esenyurt,511,356.65
Hong Kong,Central & Western,504,1069.67
Mexico City,A�lvaro Obregon,504,696.88
Bangkok,Bang Rak,497,1700.7
New York,Bushwick,497,140.79
New York,West Village,496,231.82
Istanbul,Uskudar,493,228.52
Rome,XIII Aurelia,492,65.6
New York,Greenpoint,491,163.9
Sydney,Rockdale,491,81.8
New York,Hell's Kitchen,481,123.71
Paris,Batignolles-Monceau,480,98.11
Cape Town,Ward 62,480,5944.81
New York,East Village,478,125.73
New York,Upper West Side,472,101.87
Bangkok,Phra Nakhon,455,1397.31
Cape Town,Ward 115,454,1337.77
Mexico City,A�lvaro Obregon,453,1536.22
Rome,V Prenestino/Centocelle,450,37.69
Paris,Opera,448,117.27
Cape Town,Ward 54,447,2004.33
Rio de Janeiro,Santa Teresa,437,1151.47
Paris,Gobelins,436,62.53
Rome,VIII Appia Antica,435,83.63
Rome,X Ostia/Acilia,432,76.84
New York,Midtown,431,194.7
Rio de Janeiro,Flamengo,424,452.72
Bangkok,Phra Khanong,423,1466.06
Cape Town,Ward 59,420,2268.55
Rome,XII Monte Verde,416,56.05
Bangkok,Bang Rak,416,4315.27
New York,Astoria,410,68.89
New York,Washington Heights,404,63.62
Sydney,Woollahra,396,169.75
Rio de Janeiro,Santa Teresa,393,370.49
New York,Lower East Side,392,221.76
Bangkok,Huai Khwang,391,2115.2
Cape Town,Ward 55,386,1455.66
Rio de Janeiro,Botafogo,386,220.45
Hong Kong,Central & Western,382,478.13
Rio de Janeiro,Leme,381,479.35
Sydney,Warringah,380,103.92
Sydney,Botany Bay,378,100.05
Sydney,Mosman,377,508.51
Sydney,Manly,374,111.92
Bangkok,Ratchathewi,374,1770.72
Sydney,Sutherland Shire,367,272.43
New York,East Harlem,362,79.27
Paris,Observatoire,359,129.39
Paris,Reuilly,359,59.7
Rome,XIV Monte Mario,358,90.15
Cape Town,Ward 107,355,1593.65
Sydney,North Sydney,355,132.93
Rio de Janeiro,Ipanema,355,311.03
Bangkok,Bang Na,348,1269.65
New York,East Harlem,347,172.88
Bangkok,Chatu Chak,346,1634.54
Cape Town,Ward 69,343,3166.85
Rome,VIII Appia Antica,342,53.58
Istanbul,Kagithane,336,225.12
New York,Murray Hill,334,188.9
Bangkok,Parthum Wan,333,3882.78
Sydney,Rockdale,332,175.44
Rome,XV Cassia/Flaminia,330,111.91
Istanbul,Fatih,326,419.04
Mexico City,Cuajimalpa de Morelos,323,1628.35
Sydney,Ryde,317,74.17
Rio de Janeiro,Jacarepagua,316,293.66
Paris,Passy,302,90.84
Sydney,Parramatta,302,83.39
Rome,IV Tiburtina,301,42.68
New York,Greenpoint,300,77.6
New York,Woodside,299,38.88
Rome,XI Arvalia/Portuense,298,82
Bangkok,Din Daeng,298,1870.17
New York,Kips Bay,298,194.28
Cape Town,Ward 57,286,1086.71
Sydney,Willoughby,285,247.16
Istanbul,Kagithane,282,397.56
Mexico City,Tlalpan,279,1157.09
Rio de Janeiro,Tijuca,277,246.08
New York,Upper East Side,276,111.01
New York,Lower East Side,275,311.03
Cape Town,Ward 77,274,884.11
Rio de Janeiro,Recreio dos Bandeirantes,272,301.71
Bangkok,Chatu Chak,268,1555.34
Paris,Luxembourg,267,103.18
Cape Town,Ward 58,267,1532.97
Bangkok,Sathon,266,2478.98
New York,Park Slope,266,192
New York,Financial District,263,204.09
New York,Clinton Hill,260,222.44
Sydney,Ryde,258,157.7
Cape Town,Ward 15,257,1666.24
New York,Chelsea,255,125.01
Bangkok,Suanluang,253,1734.39
Bangkok,Khlong San,249,2552.49
Bangkok,Phra Khanong,249,1770.3
New York,Flushing,248,64.68
Paris,Pantheon,248,106.54
Bangkok,Phaya Thai,247,1752.21
Sydney,Leichhardt,247,121.02
Cape Town,Ward 71,246,3268.87
New York,Fort Greene,246,185.02
Istanbul,Basaksehir,240,667.48
Rio de Janeiro,Laranjeiras,240,792.98
Sydney,Sydney,239,46.25
New York,Astoria,238,162.47
New York,East Flatbush,234,64.74
Mexico City,Venustiano Carranza,234,813.37
Rome,III Monte Sacro,234,85.7
Sydney,Botany Bay,234,184.44
Sydney,Hornsby,231,242.97
Bangkok,Din Daeng,227,2849.49
Cape Town,Ward 100,227,1647.85
Istanbul,Maltepe,226,199.47
New York,Financial District,225,104.26
Rome,XI Arvalia/Portuense,225,46.37
New York,Flatbush,224,62.53
Rome,IV Tiburtina,219,87.63
Mexico City,Gustavo A. Madero,218,688.87
Sydney,Parramatta,217,143.6
Cape Town,Ward 84,216,1631.83
Rome,IX Eur,214,100.17
Bangkok,Phaya Thai,213,1797.08
Sydney,Canterbury,212,77.56
Bangkok,Bang Na,212,2133.58
Sydney,Blacktown,211,65.04
Istanbul,Atasehir,208,418.13
Istanbul,Beyoglu,207,604.03
Cape Town,Ward 83,206,1270.71
Cape Town,Ward 23,205,1198.44
New York,Washington Heights,204,131.4
Hong Kong,Islands,203,1095.59
Rome,XIV Monte Mario,202,60.48
Istanbul,Uskudar,201,700.92
Rio de Janeiro,Lagoa,200,1837.1
Sydney,Auburn,198,158.65
Paris,Bourse,197,114.02
Rio de Janeiro,Camorim,196,495.31
Cape Town,Ward 57,196,535
Mexico City,Venustiano Carranza,195,451.07
New York,Flatbush,194,154.87
New York,Ridgewood,194,56.31
Bangkok,Khlong San,194,1990.39
Paris,Elysee,193,173.67
Sydney,Hornsby,192,65.52
New York,Prospect-Lefferts Gardens,191,139.06
Cape Town,Ward 74,191,2282.6
New York,Long Island City,191,75.37
Sydney,Canada Bay,191,199.94
Bangkok,Suanluang,190,1957.65
Rome,X Ostia/Acilia,189,59.08
Sydney,Canada Bay,188,107.28
Mexico City,Iztapalapa,188,2570.96
Cape Town,Ward 64,187,904.23
Hong Kong,Yau Tsim Mong,185,695.31
New York,Greenwich Village,185,294.83
Istanbul,Esenyurt,183,210.04
New York,Elmhurst,183,51.15
Sydney,Willoughby,183,165.28
Paris,Opera,181,181.54
Paris,Temple,180,89.1
Rio de Janeiro,Laranjeiras,179,212.94
New York,Sunnyside,179,58.7
Bangkok,Bang Kapi,178,1370.99
Rio de Janeiro,Tijuca,177,846.16
New York,SoHo,177,334.24
Cape Town,Ward 73,177,1856.55
Paris,Elysee,177,378.09
Mexico City,Cuauhtemoc,176,435.2
Bangkok,Bang Sue,175,1246.39
Rio de Janeiro,Flamengo,175,247.49
Sydney,Bankstown,175,77.35
Mexico City,Cuajimalpa de Morelos,175,807.47
Istanbul,Bagcilar,174,451.41
Sydney,The Hills Shire,172,75.02
Rio de Janeiro,Catete,170,333.51
Rome,III Monte Sacro,170,41.41
Hong Kong,Kowloon City,166,745.59
Sydney,Auburn,165,159.79
New York,Prospect-Lefferts Gardens,165,62.34
Cape Town,Ward 4,164,2378.63
Cape Town,Ward 107,164,754.18
Cape Town,Ward 113,161,1327.06
New York,Gramercy,161,228.19
Bangkok,Parthum Wan,161,2514.76
Paris,Palais-Bourbon,161,211.48
Istanbul,Sariyer,161,2181.42
Sydney,Lane Cove,159,316.24
Rio de Janeiro,Centro,158,305.75
Istanbul,Atasehir,158,203.89
New York,Sunset Park,157,61.16
New York,Clinton Hill,156,91.84
New York,Long Island City,156,232.3
Bangkok,Vadhana,155,2038.22
Paris,Hotel-de-Ville,155,129.58
Sydney,Ku-Ring-Gai,153,228.19
Hong Kong,Yau Tsim Mong,152,915.76
Rome,XV Cassia/Flaminia,152,65.08
New York,Chinatown,152,215.91
New York,Jackson Heights,151,53.11
Sydney,Burwood,149,76.68
Bangkok,Khlong Toei,149,4292.42
Istanbul,Bakirkoy,148,266.67
Istanbul,Sariyer,148,391.55
Sydney,Ku-Ring-Gai,147,90.97
Rio de Janeiro,Gloria,147,574.1
New York,South Slope,146,171.37
Cape Town,Ward 61,146,1017.4
Bangkok,Bang Kapi,144,1077.65
Mexico City,Azcapotzalco,144,562.39
Hong Kong,Eastern,143,359.72
Bangkok,Thon buri,143,1314.11
Rio de Janeiro,Leblon,143,419.94
New York,Sunset Park,142,169.61
Istanbul,Maltepe,142,454.08
Mexico City,Iztacalco,142,475.27
Bangkok,Phra Nakhon,142,1175.48
Mexico City,Gustavo A. Madero,140,972.9
Sydney,City Of Kogarah,139,68.47
Sydney,Sutherland Shire,139,94.47
Bangkok,Don Mueang,139,1142.83
Rome,VI Roma delle Torri,138,36.73
New York,Prospect Heights,138,190.55
Bangkok,Yan na wa,138,2740.68
Paris,Louvre,138,138.22
New York,Nolita,138,218.46
Istanbul,Bahcelievler,137,182.67
Cape Town,Ward 1,137,1352.42
Hong Kong,Kowloon City,136,1020
Bangkok,Bang Phlat,136,1417.83
New York,East Flatbush,135,129.61
Istanbul,Beyoglu,135,181.93
Rio de Janeiro,Gavea,134,1060.22
New York,Carroll Gardens,132,195.08
New York,Morningside Heights,130,78.13
Istanbul,Avcilar,129,495.95
Rio de Janeiro,Jardim Botanico,128,969.17
Sydney,Ashfield,127,134.45
Cape Town,Ward 113,127,534.87
Cape Town,Ward 62,127,1198.81
Istanbul,Pendik,126,222.96
Rio de Janeiro,Sao Conrado,125,3688.04
Istanbul,Adalar,124,948.38
New York,Theater District,124,268.41
New York,Ditmars Steinway,123,66.16
Hong Kong,North,122,808.32
Cape Town,Ward 59,122,1070.9
New York,Tribeca,121,458.64
Sydney,Ashfield,121,163.31
Istanbul,Umraniye,119,312.51
Sydney,The Hills Shire,119,392.23
Mexico City,Cuauhtemoc,119,1790.78
Bangkok,Lat Krabang,118,1575.17
Bangkok,Lat Krabang,118,1220.24
Bangkok,Phra Nakhon,117,1640.85
Sydney,Canterbury,115,144.46
Sydney,Strathfield,113,106.19
Bangkok,Bangkok Noi,113,1850.64
Cape Town,Ward 53,113,1025.86
Cape Town,Ward 4,112,1345.27
Paris,Luxembourg,111,199.41
Istanbul,Eyup,111,353.14
Rio de Janeiro,Copacabana,110,761.52
Cape Town,Ward 100,110,2602.55
Hong Kong,Eastern,110,928.27
Istanbul,Sile,109,875.94
New York,Boerum Hill,109,209.17
Bangkok,Thon buri,109,1982.43
Bangkok,Phasi Charoen,108,1428.7
Hong Kong,Wan Chai,108,446.5
Istanbul,Eyup,108,478.75
Mexico City,Iztacalco,108,1034.06
Bangkok,Bang Phlat,108,1790.88
Rio de Janeiro,Humaita,108,815.64
Rome,IX Eur,108,48.01
Bangkok,Bang Sue,107,1527.4
Istanbul,Umraniye,107,362.48
New York,Jamaica,107,61.26
New York,Gowanus,107,180.6
Cape Town,Ward 15,107,1281.58
Istanbul,Bakirkoy,106,716.16
Rome,VI Roma delle Torri,106,81.06
New York,Theater District,106,237.73
Sydney,Lane Cove,105,91.72
Istanbul,Kucukcekmece,104,1445.32
Sydney,Hurstville,104,63.24
Rio de Janeiro,Vila Isabel,104,186.04
Istanbul,Avcilar,104,152.17
Cape Town,Ward 84,103,951.8
Rio de Janeiro,Leme,103,267.88
New York,Morningside Heights,103,151.91
Bangkok,Ratchathewi,103,1390.21
Cape Town,Ward 58,103,703.53
Sydney,Sydney,102,233.73
Mexico City,Iztapalapa,101,658.69
Paris,Vaugirard,101,142.54
Cape Town,Ward 70,101,1075.1
New York,Chinatown,101,84.63
Cape Town,Ward 21,100,1284.4
Paris,Batignolles-Monceau,99,195.88
Mexico City,Azcapotzalco,99,963.75
Istanbul,Kartal,98,163.08
New York,Ditmars Steinway,98,122.22
New York,Flushing,97,174.78
New York,East New York,97,114.78
Bangkok,Bang Kho laen,97,1760.66
New York,Sunnyside,97,127.76
Sydney,Penrith,97,223.9
New York,Ridgewood,93,124.73
New York,Inwood,93,55.74
Rome,XIII Aurelia,93,92.8
Mexico City,La Magdalena Contreras,93,638.56
Bangkok,Pra Wet,91,3077.43
New York,Park Slope,91,97.47
New York,Prospect Heights,91,69.86
Hong Kong,Yuen Long,91,733.95
New York,Fort Greene,91,73.34
Bangkok,Bang Rak,90,1511.71
Rio de Janeiro,Sao Conrado,90,984.84
Sydney,Mosman,89,140.36
Sydney,Pittwater,89,158.66
New York,Kips Bay,89,120.35
Bangkok,Phra Nakhon,88,3096.01
Bangkok,Pra Wet,88,1186.93
Cape Town,Ward 53,88,783.1
Istanbul,Pendik,88,1359.03
New York,Brooklyn Heights,88,195.4
Mexico City,Xochimilco,87,773.01
Bangkok,Wang Thong Lang,87,1131.69
Cape Town,Ward 115,86,2510.81
Cape Town,Ward 55,86,744.47
New York,West Village,86,135.24
New York,East New York,86,58.92
Istanbul,Kartal,86,447.74
New York,East Elmhurst,85,55.8
Rio de Janeiro,Maracana,85,1006.95
Rome,VII San Giovanni/Cinecitta,84,70.17
New York,Gramercy,84,86.4
New York,SoHo,84,131.32
Istanbul,Sisli,84,1838.02
Istanbul,Fatih,84,254.79
Rio de Janeiro,Freguesia (Jacarepagua),83,684.08
Paris,Passy,83,237.12
Bangkok,Lak Si,83,979.92
Hong Kong,Sham Shui Po,83,275.7
Bangkok,Bang Khen,82,1014.35
Rome,I Centro Storico,81,30.63
New York,Little Italy,81,164.15
Sydney,Waverley,81,59.23
New York,Midtown,81,247.65
Paris,Pantheon,81,203.05
New York,Sheepshead Bay,80,245.46
Istanbul,Bahcelievler,80,423.21
Hong Kong,Islands,80,851.68
Bangkok,Dusit,80,1491
Sydney,Bankstown,80,186.74
Paris,Palais-Bourbon,79,269.49
Bangkok,Yan na wa,79,3196.39
Cape Town,Ward 21,79,838.25
Paris,Enclos-St-Laurent,78,155.36
Istanbul,Kucukcekmece,78,1116.4
Bangkok,Pom Prap Sattru Phai,77,1900.95
Rio de Janeiro,Jardim Botanico,76,283.07
New York,Inwood,76,99.32
Bangkok,Bang Rak,76,1714.34
Cape Town,Ward 70,76,757.2
Bangkok,Ratchathewi,75,922.07
Cape Town,Ward 69,75,1004.48
Paris,Louvre,75,280.47
Rome,II Parioli/Nomentano,75,66.23
Bangkok,Wang Thong Lang,74,1712.77
Istanbul,Beylikduzu,74,1047.46
Paris,Buttes-Montmartre,74,142.09
Rio de Janeiro,Urca,74,695.57
Sydney,Liverpool,74,76.24
Rio de Janeiro,Vila Isabel,73,945.12
Istanbul,Sisli,73,227.07
New York,Canarsie,72,89.64
New York,Theater District,72,290.49
Istanbul,Buyukcekmece,72,1323.25
Sydney,City Of Kogarah,72,211.97
Rio de Janeiro,Itanhanga,71,1690
New York,Jamaica,71,150.63
Bangkok,Phasi Charoen,69,1184.12
New York,Greenwich Village,69,157.96
Bangkok,Vadhana,69,579.62
New York,Nolita,69,95.38
New York,Cypress Hills,69,58.03
Sydney,Hurstville,68,160.13
Rio de Janeiro,Vidigal,68,593.22
Cape Town,Ward 112,68,1167.68
Rio de Janeiro,Vargem Pequena,67,878.93
Rio de Janeiro,Joa,67,4914.34
Istanbul,Kadikoy,66,142.38
Cape Town,Ward 2,66,827.44
Rio de Janeiro,Itanhanga,66,473.62
Cape Town,Ward 1,66,817.59
Sydney,Penrith,66,115.47
New York,Kensington,66,145.35
Paris,Buttes-Chaumont,66,27.11
New York,Windsor Terrace,65,155.48
Sydney,Burwood,65,139.97
Rio de Janeiro,Maracana,65,294.89
Cape Town,Ward 2,64,821.03
Sydney,Blacktown,64,187.56
Rio de Janeiro,Campo Grande,64,518.36
Istanbul,Sile,63,458.35
Bangkok,Samphanthawong,63,1958.59
New York,Maspeth,63,61.87
Sydney,Liverpool,62,170.47
Istanbul,Zeytinburnu,62,690.61
Cape Town,Ward 105,62,1443.32
New York,Bay Ridge,62,60.82
New York,Borough Park,61,56.66
Istanbul,Gaziosmanpasa,61,711.21
New York,Canarsie,61,133.97
New York,Woodside,60,137.77
Sydney,Holroyd,60,314.48
Sydney,Campbelltown,60,127.05
Bangkok,Parthum Wan,60,1608.52
Rio de Janeiro,Lagoa,60,561.32
Istanbul,Adalar,60,496.95
Bangkok,Bang Khen,60,1604.3
Mexico City,Xochimilco,59,1828.47
Rio de Janeiro,Vargem Grande,59,1048.19
New York,Flatiron District,59,341.61
New York,Jackson Heights,59,117.19
New York,South Slope,59,74.25
Rio de Janeiro,Gavea,58,316.36
Bangkok,Bang Khae,58,1891.14
Cape Town,Ward 85,58,1098.48
Hong Kong,Sham Shui Po,58,689.84
New York,Cobble Hill,58,189.81
Istanbul,Tuzla,58,524.31
Bangkok,Bangkok Yai,57,1640.53
Rio de Janeiro,Gloria,57,337.82
New York,East Elmhurst,57,120.82
Rio de Janeiro,Taquara,57,1044.56
Rio de Janeiro,Catete,57,190.58
Istanbul,Beykoz,56,434.45
Sydney,Strathfield,56,156.38
New York,Battery Park City,56,207.68
New York,Murray Hill,56,133.13
Cape Town,Ward 73,56,648.38
New York,Gowanus,56,76.18
Rio de Janeiro,Humaita,56,172.05
Hong Kong,Sai Kung,55,974.04
Rio de Janeiro,Camorim,55,217.91
Sydney,Randwick,55,57.05
Rio de Janeiro,Taquara,55,287.55
New York,Kensington,55,54.13
Cape Town,Ward 3,55,589.96
Bangkok,Lak Si,55,1307.67
Bangkok,Sathon,54,1519.67
Cape Town,Ward 71,53,1537.87
New York,Bedford-Stuyvesant,53,36.15
Hong Kong,North,53,912.72
Rio de Janeiro,Guaratiba,53,3084.87
Bangkok,Bang Kho laen,52,1633.21
Bangkok,Chom Thong,52,2157.02
Cape Town,Ward 5,51,955.24
Istanbul,Arnavutkoy,51,339.18
Rio de Janeiro,Cosme Velho,51,711.27
Istanbul,Beykoz,51,2553.76
Paris,Popincourt,51,192.8
Sydney,Fairfield,50,81.02
Cape Town,Ward 8,50,946.18
Mexico City,La Magdalena Contreras,49,869.12
New York,Bay Ridge,48,160.81
Istanbul,Gungoren,48,518.63
Rio de Janeiro,Freguesia (Jacarepagua),48,297.85
Istanbul,Bagcilar,48,325.08
New York,Forest Hills,48,73.81
New York,Red Hook,48,182.04
New York,Elmhurst,48,163.13
New York,Sheepshead Bay,47,89.79
Istanbul,Zeytinburnu,47,511.83
New York,Woodhaven,47,52.81
Cape Town,Ward 54,46,5395.07
Bangkok,Samphanthawong,46,2512.3
New York,Rego Park,46,78.48
Bangkok,Lat Phrao,46,1516.93
New York,Tribeca,46,148.48
Bangkok,Phaya Thai,45,1260.13
Rio de Janeiro,Vargem Pequena,45,813.16
Bangkok,Bang Khae,45,6331.91
Cape Town,Ward 103,45,1091.16
Paris,Popincourt,45,33.02
Cape Town,Ward 109,44,1341.95
Rio de Janeiro,Jacarepagua,44,239.39
New York,Midwood,44,59.95
Sydney,Campbelltown,44,479.8
Bangkok,Bangkok Noi,44,2404.32
New York,Arverne,44,296.43
New York,Forest Hills,44,186.16
Istanbul,Tuzla,43,272.35
Rio de Janeiro,Rio Comprido,43,209.86
Cape Town,Ward 105,43,1338.02
New York,Richmond Hill,43,65.05
Bangkok,Don Mueang,43,1414.91
New York,Midwood,42,99.52
Istanbul,Basaksehir,42,509.29
New York,Hell's Kitchen,42,104.81
Cape Town,Ward 83,42,803.93
Bangkok,Pom Prap Sattru Phai,41,2056.73
Paris,Bourse,41,275.41
New York,NoHo,41,235.56
New York,Springfield Gardens,41,133.68
New York,Brownsville,41,62.63
Cape Town,Ward 115,41,344.76
Rio de Janeiro,Rio Comprido,40,527.3
Rio de Janeiro,Sao Cristovao,40,469.48
New York,Two Bridges,40,79.43
Paris,Observatoire,40,164.9
Bangkok,Khan Na Yao,40,2448.58
Paris,Enclos-St-Laurent,40,40.75
Bangkok,Chom Thong,39,1159.59
Mexico City,Benito Juarez,39,1918.03
New York,Roosevelt Island,39,81.41
Rio de Janeiro,Estacio,39,142.85
Cape Town,Ward 60,39,557.26
New York,Flatlands,38,121.87
New York,Wakefield,38,92.34
Rio de Janeiro,Sao Cristovao,38,357.66
Sydney,Randwick,38,143.61
Cape Town,Ward 60,38,946.47
Istanbul,Beylikduzu,38,323.32
Rio de Janeiro,Vidigal,38,206.63
Cape Town,Ward 102,38,939.39
Mexico City,Coyoacan,37,1175.62
Paris,Vaugirard,37,51.78
New York,St. Albans,37,93.65
New York,Springfield Gardens,37,68.27
New York,Carroll Gardens,37,117.43
Istanbul,Besiktas,37,534.32
Bangkok,Huai Khwang,37,2494.03
New York,Stuyvesant Town,36,99.19
Istanbul,Arnavutkoy,36,780.22
Sydney,Fairfield,36,129.81
New York,Brighton Beach,36,130.58
Bangkok,Khlong San,36,2391.08
Cape Town,Ward 8,36,578.97
Sydney,Hunters Hill,35,405.31
New York,Rosedale,35,63.74
Bangkok,Bueng Kum,35,1572.17
Rio de Janeiro,Barra de Guaratiba,35,1858.57
Mexico City,Miguel Hidalgo,35,1543.57
Bangkok,Min Buri,35,1037.89
New York,Longwood,35,81.54
Rio de Janeiro,Santa Teresa,35,1707.57
New York,Downtown Brooklyn,35,160.31
New York,Corona,35,56.17
Cape Town,Ward 63,35,420.89
Rio de Janeiro,Vargem Grande,34,213.5
New York,Concourse,34,69.32
Hong Kong,Central & Western,34,740.35
Bangkok,Bangkok Yai,34,2076.94
New York,Rockaway Beach,34,156.91
Rio de Janeiro,Urca,34,336.38
Rio de Janeiro,Centro,33,353.06
New York,Mott Haven,33,123.55
Bangkok,Din Daeng,33,442.09
New York,Queens Village,33,180.97
New York,Lower East Side,33,79.45
Bangkok,Khlong Toei,33,901.67
Bangkok,Min Buri,33,4704.45
New York,Cypress Hills,33,303.52
Rio de Janeiro,Botafogo,33,186.94
New York,Bensonhurst,32,106.38
Paris,Reuilly,32,101.38
New York,Kingsbridge,32,74.53
Sydney,Rockdale,32,79.19
Rio de Janeiro,Cosme Velho,32,256.53
Sydney,Holroyd,32,191.97
Rome,XII Monte Verde,32,44.44
New York,Bushwick,32,40.34
New York,Flatlands,32,74.81
Istanbul,Uskudar,31,159.65
Istanbul,Buyukcekmece,31,346.45
New York,Gravesend,31,118.81
Cape Town,Ward 112,31,855.13
Istanbul,Silivri,31,2198.81
Hong Kong,Yuen Long,31,594.52
Paris,Temple,31,430.9
Paris,Buttes-Montmartre,31,62.42
Bangkok,Saphan Sung,31,1719.29
Bangkok,Phaya Thai,31,738.48
Cape Town,Ward 63,31,890.19
Rio de Janeiro,Pechincha,31,585.77
Cape Town,Ward 5,31,716.23
Rio de Janeiro,Jardim Guanabara,31,132.84
New York,Rego Park,30,160.8
New York,Upper West Side,30,87.77
Mexico City,Miguel Hidalgo,30,514.77
Hong Kong,Sha Tin,30,597.03
Paris,Menilmontant,30,36
Rio de Janeiro,Barra da Tijuca,30,576.53
New York,Glendale,30,46.47
Bangkok,Rat Burana,30,1745.9
Rio de Janeiro,Curicica,30,655.03
Bangkok,Sai Mai,30,846.2
Cape Town,Ward 3,29,726.79
Rio de Janeiro,Alto da Boa Vista,29,6439.66
Bangkok,Khan Na Yao,29,1557.79
New York,Fort Hamilton,29,134.07
Bangkok,Bueng Kum,29,2474
New York,Bensonhurst,29,55.97
Istanbul,Cekmekoy,29,542.28
Bangkok,Dusit,29,8474.83
New York,Fordham,29,64.62
Istanbul,Cekmekoy,29,354.83
New York,Gravesend,29,65
Sydney,Camden,28,84.07
New York,Maspeth,28,142.14
Mexico City,Tlahuac,28,355.21
Rio de Janeiro,Vidigal,28,119.61
Mexico City,Benito Juarez,28,1099.68
Rio de Janeiro,Praca da Bandeira,28,838.86
New York,Richmond Hill,28,136.11
Istanbul,Kagithane,28,134
Hong Kong,Southern,28,1628.14
New York,Mott Haven,28,84.07
Bangkok,Lat Phrao,28,3495.39
Bangkok,Huai Khwang,28,431.18
Istanbul,Kadikoy,27,259
Istanbul,Sancaktepe,27,121.44
Hong Kong,Kowloon City,27,487.07
New York,Boerum Hill,27,95.7
Cape Town,Ward 11,26,501.77
New York,Civic Center,26,244.5
New York,Columbia St,26,199.62
Rio de Janeiro,Guaratiba,26,493.92
Bangkok,Taling Chan,26,1627.23
Hong Kong,Sai Kung,26,1455.85
Rio de Janeiro,Grajau,26,221.81
New York,Rosedale,25,120.12
New York,St. Albans,25,164.44
Rio de Janeiro,Andarai,25,166.6
Cape Town,Ward 60,25,656
New York,Harlem,25,85.84
New York,Claremont Village,25,65.56
Bangkok,Sathon,25,8662.92
New York,South Ozone Park,25,79.12
Bangkok,Rat Burana,25,1086.32
Rio de Janeiro,Estacio,25,350.36
New York,Washington Heights,25,301.64
New York,Port Morris,24,144.17
Cape Town,Ward 46,24,1317.17
Cape Town,Ward 14,24,2425.29
Mexico City,Coyoacan,24,1835.25
Istanbul,Gungoren,24,417.63
New York,Brighton Beach,24,64.92
New York,Williamsbridge,24,61.33
New York,Stuyvesant Town,24,319.17
New York,Norwood,24,90.42
New York,St. George,24,63.25
Cape Town,Ward 86,23,1692.74
Istanbul,Esenler,23,144.04
New York,Upper East Side,23,89.61
New York,Wakefield,23,157.61
Istanbul,Besiktas,23,233.22
New York,Williamsburg,23,100.3
Rio de Janeiro,Recreio dos Bandeirantes,23,389.43
Sydney,Camden,23,180.35
Cape Town,Ward 27,23,447.83
Rio de Janeiro,Anil,23,269.26
New York,Two Bridges,23,135
Istanbul,Esenyurt,23,158.78
Bangkok,Khlong Sam Wa,23,2184.91
Rio de Janeiro,Engenho de Dentro,23,649.3
Rio de Janeiro,Andarai,22,2421.95
New York,Long Island City,22,239.55
New York,Kew Gardens,22,75.91
Istanbul,Bayrampasa,22,216.64
Cape Town,Ward 103,22,761.59
Bangkok,Sai Mai,22,2337.73
Istanbul,Esenler,22,79.32
Rome,V Prenestino/Centocelle,22,31.36
Bangkok,Pom Prap Sattru Phai,22,406.45
New York,Borough Park,22,108.77
Rio de Janeiro,Curicica,21,195.86
New York,Brooklyn Heights,21,162.9
New York,Chelsea,21,73.62
Paris,Passy,21,68.9
Bangkok,Samphanthawong,21,1170.57
Rome,IX Eur,21,111.95
New York,Tompkinsville,21,53.67
Rio de Janeiro,Paqueta,21,401.95
Istanbul,Gaziosmanpasa,21,191.19
Rome,V Prenestino/Centocelle,21,74
Paris,Gobelins,21,250.67
Rio de Janeiro,Barra de Guaratiba,21,348.76
New York,Little Italy,21,83.33
Rio de Janeiro,Jardim Guanabara,21,282.1
New York,Throgs Neck,20,58.1
Cape Town,Ward 9,20,286.3
New York,Windsor Terrace,20,62.7
Rio de Janeiro,Grajau,20,448.9
Rio de Janeiro,Praca da Bandeira,20,179.8
New York,Arverne,20,90.3
Sydney,North Sydney,20,123.5
New York,Fresh Meadows,20,82.45
New York,Woodhaven,20,113.1
Istanbul,Bakirkoy,20,156.9
Rio de Janeiro,Todos os Santos,20,431.7
Paris,Hotel-de-Ville,20,369.35
New York,Ozone Park,20,117.35
Istanbul,Sancaktepe,20,240.85
Hong Kong,Southern,20,893.35
Paris,Gobelins,20,32.4
New York,DUMBO,20,237.25
Rio de Janeiro,Leme,20,234.95
Cape Town,Ward 102,20,533.4
Bangkok,Khlong Sam Wa,20,1432.7
Mexico City,Tlahuac,20,840
New York,SoHo,20,233.95
Rio de Janeiro,Engenho de Dentro,20,274.15
Hong Kong,Kwun Tong,19,522.53
Mexico City,Tlalpan,19,393.26
Paris,Batignolles-Monceau,19,77.16
Istanbul,Bakirkoy,19,347.37
New York,Bayside,19,68.84
Cape Town,Ward 27,19,1719.32
New York,Briarwood,19,533.58
New York,Brownsville,19,190.21
New York,Financial District,19,263.32
New York,East Harlem,19,52.89
New York,Kingsbridge,19,105.21
Sydney,Ryde,19,61.42
Paris,Reuilly,19,42.21
Cape Town,Ward 10,19,608.58
Bangkok,Parthum Wan,19,2460.47
Rio de Janeiro,Pechincha,18,376.06
Istanbul,Avcilar,18,231
Rio de Janeiro,Tijuca,18,275.83
Bangkok,Din Daeng,18,969.83
Cape Town,Ward 67,18,1795.78
New York,Corona,18,48.39
New York,Queens Village,18,51.72
New York,Parkchester,18,73.89
Rio de Janeiro,Anil,18,701.78
Rio de Janeiro,Portuguesa,18,107.44
Istanbul,Atasehir,18,318.39
New York,Middle Village,18,169.78
New York,Concourse,18,104.39
Rome,II Parioli/Nomentano,18,39.56
Hong Kong,North,18,95
New York,Red Hook,18,62.78
New York,Vinegar Hill,18,239.78
Bangkok,Saphan Sung,18,2993.89
Cape Town,Ward 11,18,1153.67
New York,Downtown Brooklyn,18,105.33
Rio de Janeiro,Engenho Novo,18,160.17
New York,Allerton,18,57.72
Bangkok,Taling Chan,18,13748.44
New York,Midtown,18,94.17
New York,St. George,17,112.76
Rio de Janeiro,Iraja,17,292.71
New York,Ozone Park,17,85
Rome,III Monte Sacro,17,77.82
Rio de Janeiro,Santa Teresa,17,208.35
Rio de Janeiro,Copacabana,17,120.71
New York,Laurelton,17,54.06
Rome,VIII Appia Antica,17,56.06
Bangkok,Don Mueang,17,970.12
New York,Hunts Point,17,41.88
Rio de Janeiro,Meier,17,237.29
New York,Glendale,17,98
Bangkok,Thung khru,17,1457.47
Rio de Janeiro,Ipanema,16,245.75
Rome,XV Cassia/Flaminia,16,84.31
Bangkok,Lat Krabang,16,1000.06
New York,Tompkinsville,16,127.13
Rome,VII San Giovanni/Cinecitta,16,35.63
Istanbul,Catalca,16,1461
Cape Town,Ward 26,16,419.94
New York,Morris Park,16,69.25
New York,Concourse Village,16,55.25
New York,Murray Hill,16,91.56
Cape Town,Ward 64,16,872.13
Sydney,Hunters Hill,16,139
New York,Parkchester,16,129.56
Bangkok,Phra Khanong,16,1672.13
Rio de Janeiro,Cachambi,16,357.25
New York,Far Rockaway,16,73.25
Istanbul,Kagithane,16,575.94
New York,Bayside,16,274.06
Cape Town,Ward 14,16,1288.13
Rio de Janeiro,Campo Grande,16,430.5
Cape Town,Ward 23,16,1221.44
Istanbul,Maltepe,15,233.07
New York,Williamsbridge,15,132.47
Bangkok,Chatu Chak,15,1727.2
New York,Kew Gardens Hills,15,123.2
Rio de Janeiro,Bras de Pina,15,127.93
Istanbul,Pendik,15,160.93
Cape Town,Ward 57,15,219
Sydney,Lane Cove,15,60
Bangkok,Pom Prap Sattru Phai,15,1332.47
New York,University Heights,15,44
Bangkok,Bang Khun thain,15,3613.73
Bangkok,Bangkok Noi,15,1113.33
Bangkok,Khlong San,15,670
Hong Kong,Tsuen Wan,15,3092.67
New York,Morris Heights,15,77.53
New York,Fresh Meadows,14,169.5
New York,Hell's Kitchen,14,278.57
New York,West Village,14,116.29
Mexico City,Gustavo A. Madero,14,774.71
Rio de Janeiro,Maracana,14,245.29
Sydney,Parramatta,14,87.29
New York,Briarwood,14,110.43
Rio de Janeiro,Bonsucesso,14,67.21
Rio de Janeiro,Joa,14,350.86
Cape Town,Ward 74,14,12013.07
Cape Town,Ward 61,14,2108.21
New York,West Brighton,14,59.71
Cape Town,Ward 15,14,5958.36
Mexico City,Gustavo A. Madero,14,782
Bangkok,Suanluang,14,1234.93
Rio de Janeiro,Gardenia Azul,14,776.57
Hong Kong,Tuen Mun,14,2803.36
New York,Astoria,14,124.5
Hong Kong,Tuen Mun,14,464.79
Bangkok,Thung khru,14,1997.71
Bangkok,Samphanthawong,14,3012.64
Paris,Temple,14,55.71
New York,Highbridge,14,50.21
New York,Allerton,14,170.5
Istanbul,Sultanbeyli,13,269.69
New York,Flatbush,13,36.92
New York,College Point,13,156.38
Istanbul,Sultangazi,13,573.92
Rio de Janeiro,Alto da Boa Vista,13,369.62
Rio de Janeiro,Ipanema,13,361
New York,Longwood,13,115.62
New York,Bayswater,13,80.54
New York,Flatiron District,13,294.46
Istanbul,Atasehir,13,113.38
Bangkok,Nong Chok,13,3137
Mexico City,Iztacalco,13,369.15
Rio de Janeiro,Flamengo,13,60.15
Rio de Janeiro,Praca Seca,13,99.54
Sydney,Botany Bay,13,137.38
New York,Port Morris,13,21.92
Mexico City,Milpa Alta,13,1682.62
Paris,Observatoire,13,49.92
Hong Kong,Eastern,12,405.17
Istanbul,Kartal,12,5112.67
Paris,Pantheon,12,58.67
Cape Town,Ward 22,12,313.33
Cape Town,Ward 67,12,830.75
Rome,XIV Monte Mario,12,55.75
New York,Pelham Gardens,12,79.92
Istanbul,Kucukcekmece,12,136.67
Cape Town,Ward 56,12,331.83
Hong Kong,Sham Shui Po,12,3105.83
Istanbul,Sariyer,12,345.42
Rio de Janeiro,Sao Francisco Xavier,12,823.83
New York,Cobble Hill,12,104.83
Rio de Janeiro,Engenho Novo,12,686
Sydney,Mosman,12,279.5
New York,Rockaway Beach,12,102.58
Cape Town,Ward 77,12,1254.17
Rio de Janeiro,Paqueta,12,243.17
Sydney,Marrickville,12,35.58
New York,Battery Park City,12,99.58
Rome,XII Monte Verde,12,66.08
Istanbul,Silivri,12,330.75
Istanbul,Bahcelievler,12,226.33
Sydney,Burwood,12,50
New York,Mount Hope,12,50.25
Hong Kong,Kwun Tong,12,980.33
Bangkok,Bang Na,12,2066.67
Rio de Janeiro,Saude,12,242.75
New York,Cambria Heights,12,69.33
Mexico City,A�lvaro Obregon,12,996.5
Hong Kong,Tsuen Wan,11,592.27
Bangkok,Nong Khaem,11,831.91
New York,Howard Beach,11,153.64
New York,Upper West Side,11,341.36
New York,Highbridge,11,104.91
Bangkok,Lak Si,11,2586.18
Mexico City,Cuajimalpa de Morelos,11,1725.09
Hong Kong,Tai Po,11,416.45
Hong Kong,Sha Tin,11,773.18
Rio de Janeiro,Bangu,11,5199.55
New York,Greenpoint,11,48.18
New York,Civic Center,11,85
Rio de Janeiro,Cidade Nova,11,504.36
Sydney,Woollahra,11,36.36
Cape Town,Ward 49,11,394.82
Paris,Hotel-de-Ville,11,112.55
Rio de Janeiro,Penha,11,243.73
New York,Bronxdale,11,53.55
New York,Edenwald,11,107.73
Mexico City,Venustiano Carranza,11,1066.82
Rio de Janeiro,Cachambi,11,107
Bangkok,Thawi Watthana,11,2074.64
Rio de Janeiro,Vila Isabel,11,158
New York,Laurelton,11,116.27
Paris,Buttes-Chaumont,11,353.91
Bangkok,Don Mueang,11,433.64
New York,East Flatbush,11,62.73
New York,Murray Hill,11,995.73
Paris,Elysee,11,45.64
New York,Belmont,11,39.27
Rio de Janeiro,Sao Conrado,11,78.36
New York,College Point,11,60.64
New York,Elmhurst,10,34.3
Mexico City,Iztapalapa,10,609.4
New York,Bergen Beach,10,129.5
New York,Jamaica Estates,10,216.8
New York,Kew Gardens,10,136.9
Istanbul,Bayrampasa,10,311.1
New York,Navy Yard,10,144.5
Cape Town,Ward 6,10,282.5
New York,Throgs Neck,10,118.2
Rio de Janeiro,Cidade Nova,10,132
Mexico City,Milpa Alta,10,1270.2
Hong Kong,Sha Tin,10,379.9
Paris,Bourse,10,57.1
New York,South Ozone Park,10,122.7
Istanbul,Eyup,10,154.2
Cape Town,Ward 100,10,1792.1
New York,Fort Hamilton,10,74.2
Rio de Janeiro,Rocinha,10,65.4
New York,Concord,10,61
Paris,Menilmontant,10,201.5
New York,Clason Point,10,59
Sydney,Canterbury,10,99.8
Rio de Janeiro,Freguesia (Jacarepagua),10,143.8
Rio de Janeiro,Todos os Santos,10,848.5
Paris,Opera,10,46.3
Rome,VIII Appia Antica,10,19.6
Rio de Janeiro,Santa Cruz,10,518.8
New York,Soundview,10,40.3
Hong Kong,Yuen Long,10,473.3
Bangkok,Bang Khun thain,10,4476.2
Hong Kong,Central & Western,10,1335.2
New York,Tremont,10,61.4
Rio de Janeiro,Centro,10,218.9
New York,Hollis,10,63.4
New York,Cambria Heights,10,161.5
New York,Pelham Gardens,10,109.4
New York,DUMBO,10,126.1
Rio de Janeiro,Vila Valqueire,9,203.22
Istanbul,Sultangazi,9,161.56
Rio de Janeiro,Iraja,9,338.11
New York,Mount Hope,9,129.67
Cape Town,Ward 56,9,1711.33
Sydney,Auburn,9,67.78
New York,Schuylerville,9,52.78
New York,Dyker Heights,9,51.11
Cape Town,Ward 43,9,627.78
New York,Kew Gardens Hills,9,60.67
Rio de Janeiro,Rocha,9,508.67
New York,Randall Manor,9,160.56
Rio de Janeiro,Catete,9,216.56
Bangkok,Yan na wa,9,3981.56
New York,Bath Beach,9,110.22
Rio de Janeiro,Saude,9,114.89
Cape Town,Ward 46,9,770.44
New York,Eastchester,9,191.89
New York,Crown Heights,9,69.11
Cape Town,Ward 85,9,808
New York,Bellerose,9,72
Rio de Janeiro,Barra da Tijuca,9,260.44
New York,Grymes Hill,9,165.67
Hong Kong,Wan Chai,9,807.89
New York,Arrochar,9,68.56
New York,Bay Ridge,9,51.11
Istanbul,Adalar,9,489.56
Sydney,Strathfield,9,295.89
Istanbul,Bagcilar,8,258.38
Cape Town,Ward 54,8,775.88
New York,Bath Beach,8,60.5
New York,Financial District,8,77.5
Istanbul,Esenler,8,590.25
Rio de Janeiro,Realengo,8,1144.25
Rio de Janeiro,Meier,8,471.25
Rio de Janeiro,Lins de Vasconcelos,8,221.38
New York,Clason Point,8,115.63
New York,Roosevelt Island,8,270.63
Rio de Janeiro,Riachuelo,8,628.25
Bangkok,Phra Khanong,8,978.5
Istanbul,Kartal,8,665.13
Rio de Janeiro,Rocha,8,199
Rio de Janeiro,Gamboa,8,948.88
Rio de Janeiro,Benfica,8,536.38
Rio de Janeiro,Sao Francisco Xavier,8,228.38
Rio de Janeiro,Encantado,8,376
Rio de Janeiro,Rio Comprido,8,270.25
Rio de Janeiro,Guadalupe,8,258
Rio de Janeiro,Riachuelo,8,164.38
Sydney,Willoughby,8,72.75
Istanbul,Umraniye,8,278.25
Cape Town,Ward 72,8,700
New York,City Island,8,151.88
Mexico City,A�lvaro Obregon,8,1946.38
New York,Pelham Bay,8,147.13
Bangkok,Dusit,8,618
Rio de Janeiro,Rocinha,8,385.63
Rio de Janeiro,Del Castilho,8,358.63
Rio de Janeiro,Tanque,8,387.25
Bangkok,Lat Krabang,8,563.13
New York,Columbia St,8,97.5
Rio de Janeiro,Santo Cristo,8,368.63
Cape Town,Ward 26,8,1940.38
Sydney,Hurstville,8,54.25
Bangkok,Bang Phlat,8,776.88
New York,Baychester,8,104.88
New York,Fieldston,8,63
Rio de Janeiro,Gamboa,7,645.29
Bangkok,Thawi Watthana,7,2173.14
New York,Coney Island,7,98.43
New York,Dyker Heights,7,102.71
New York,Corona,7,149.57
New York,Claremont Village,7,89.29
Rio de Janeiro,Laranjeiras,7,116.14
Sydney,Ashfield,7,50
New York,Morris Park,7,98.43
Cape Town,Ward 109,7,1345.86
New York,East Morrisania,7,79.43
New York,Jamaica Estates,7,288.86
New York,East Village,7,74.14
Bangkok,Nong Khaem,7,1929.29
Rio de Janeiro,Cidade de Deus,7,310.43
New York,Flushing,7,218.29
Rio de Janeiro,Gloria,7,98.71
Rio de Janeiro,Praca Seca,7,493.14
New York,Arrochar,7,126.71
Cape Town,Ward 43,7,375.86
Rio de Janeiro,Vila Valqueire,7,661.29
New York,Lower East Side,7,189.71
New York,Sheepshead Bay,7,32.86
New York,Gowanus,7,102
Rio de Janeiro,Botafogo,7,159.43
Rio de Janeiro,Marechal Hermes,7,872.29
Rio de Janeiro,Tanque,7,201.14
Rio de Janeiro,Bonsucesso,7,316.86
New York,Long Island City,7,114.71
Cape Town,Ward 4,7,1747.86
Mexico City,Cuajimalpa de Morelos,7,802.71
New York,NoHo,7,130
Rome,XIII Aurelia,7,39.71
Rio de Janeiro,Encantado,7,112.43
Rome,VI Roma delle Torri,7,42
New York,Far Rockaway,7,211.14
Bangkok,Bang Kapi,7,600.29
New York,Bronxdale,7,82.43
Rio de Janeiro,Bangu,7,452.29
Rome,IV Tiburtina,7,53.71
Rio de Janeiro,Senador Vasconcelos,6,342.33
New York,Grant City,6,34.67
Cape Town,Ward 19,6,426.17
Rio de Janeiro,Cidade de Deus,6,1163.5
Cape Town,Ward 48,6,1261
New York,Stapleton,6,184.5
Rio de Janeiro,Piedade,6,306.67
New York,Jamaica Hills,6,59.83
Rome,XI Arvalia/Portuense,6,101.67
Rio de Janeiro,Curicica,6,109.83
Cape Town,Ward 64,6,255.83
New York,Stapleton,6,113.17
Cape Town,Ward 86,6,778.33
Bangkok,Bangkok Yai,6,1505
Istanbul,Zeytinburnu,6,83
Paris,Palais-Bourbon,6,63.83
Cape Town,Ward 48,6,641.67
Rio de Janeiro,Penha,6,172
Cape Town,Ward 59,6,1006.67
Hong Kong,Kwai Tsing,6,1095.17
Rio de Janeiro,Maria da Graca,6,86.83
Rio de Janeiro,Paciencia,6,397.83
Rio de Janeiro,Campinho,6,307.5
New York,Hunts Point,6,71.83
Cape Town,Ward 94,6,455.17
Hong Kong,Tai Po,6,1269.83
Rio de Janeiro,Pedra de Guaratiba,6,467.33
New York,Unionport,6,163.5
Rio de Janeiro,Lins de Vasconcelos,6,135.83
New York,Clifton,6,112.83
Paris,Louvre,6,63.83
New York,Mariners Harbor,6,121.83
Rio de Janeiro,Bras de Pina,6,72
Rio de Janeiro,Maria da Graca,6,636.5
New York,Inwood,6,46
Rio de Janeiro,Bento Ribeiro,6,180.67
Istanbul,Avcilar,6,168.33
New York,Whitestone,6,77
Rio de Janeiro,Engenho Novo,6,57.5
New York,Chinatown,6,144.5
Sydney,Manly,6,84.17
Istanbul,Sancaktepe,6,210.17
Rio de Janeiro,Jacarepagua,6,1879.67
Hong Kong,Wong Tai Sin,6,323.67
Rio de Janeiro,Estacio,6,99
New York,Morris Heights,6,204.83
New York,Borough Park,6,40.83
Rio de Janeiro,Taquara,6,1451.5
Rio de Janeiro,Padre Miguel,6,79.33
New York,Riverdale,6,499.67
Bangkok,Suanluang,6,999.33
Istanbul,Buyukcekmece,6,364.17
Rio de Janeiro,Ricardo de Albuquerque,6,561.5
New York,Morrisania,6,110.67
Bangkok,Nong Chok,6,836
New York,Sea Gate,6,417
New York,Van Nest,6,65.5
Rio de Janeiro,Vila da Penha,6,147.67
Sydney,North Sydney,5,60.2
New York,New Brighton,5,49
Cape Town,Ward 60,5,372.8
Rome,X Ostia/Acilia,5,150.2
New York,Howard Beach,5,88.6
Rio de Janeiro,Madureira,5,173.4
Mexico City,Azcapotzalco,5,590.8
New York,Concourse Village,5,79.2
New York,Morrisania,5,42.6
Sydney,Auburn,5,354.6
Sydney,Woollahra,5,573.6
Rio de Janeiro,Taua,5,210
New York,Edgemere,5,45.6
Cape Town,Ward 68,5,477.8
Sydney,Warringah,5,116.6
Rome,IV Tiburtina,5,69.2
Rio de Janeiro,Cosmos,5,274
New York,Fordham,5,151.2
Cape Town,Ward 72,5,946.6
New York,Jamaica Estates,5,112.2
Hong Kong,Tuen Mun,5,377
Cape Town,Ward 62,5,1650
New York,Gravesend,5,33.4
Rio de Janeiro,Del Castilho,5,197.4
New York,Midland Beach,5,135
Istanbul,Eyup,5,2257.4
New York,Baychester,5,63.6
Istanbul,Sultanbeyli,5,183
Rio de Janeiro,Cocota,5,298.4
New York,Greenpoint,5,193
Rio de Janeiro,Vasco da Gama,5,159.2
New York,Eastchester,5,59.4
New York,Mariners Harbor,5,53.2
New York,Sunset Park,5,28.4
New York,Melrose,5,49.6
New York,Edenwald,5,154.8
New York,West Brighton,5,139.8
Bangkok,Bangkok Noi,5,708.8
New York,Sea Gate,5,95.6
Hong Kong,Kwai Tsing,5,1262.2
New York,Norwood,5,104.8
New York,Clifton,5,80
Istanbul,Umraniye,5,236
Rio de Janeiro,Catumbi,5,353
New York,Coney Island,5,61
Istanbul,Beykoz,5,3535.2
Cape Town,Ward 66,5,870
New York,Hollis,5,103.8
Rio de Janeiro,Santa Cruz,5,1230.2
Bangkok,Thon buri,5,1016
New York,Midwood,5,34.6
New York,Vinegar Hill,5,118.2
Bangkok,Bangkok Yai,5,510.2
Istanbul,Sile,5,547.4
Rome,X Ostia/Acilia,5,60.6
New York,Belmont,5,83
Rome,III Monte Sacro,5,36.6
Sydney,Lane Cove,5,49.6
Rio de Janeiro,Santissimo,5,130.4
Rio de Janeiro,Pilares,5,181.6
Bangkok,Wang Thong Lang,5,3376.8
Cape Town,Ward 17,5,437.8
Rio de Janeiro,Piedade,5,383.6
Bangkok,Pra Wet,5,1162.2
New York,Co-op City,5,78.8
Rio de Janeiro,Parada de Lucas,5,227.2
Cape Town,Ward 21,5,1297
Rio de Janeiro,Sampaio,5,361.4
Cape Town,Ward 49,5,984.8
Istanbul,Bayrampasa,5,219.4
New York,Westchester Square,5,58
Cape Town,Ward 7,5,582.8
New York,East Morrisania,5,126
Cape Town,Ward 65,5,656.4
New York,Edgemere,5,164.2
Cape Town,Ward 107,5,1270
Rio de Janeiro,Higienopolis,5,294
New York,Whitestone,5,151.2
Rio de Janeiro,Quintino Bocaiuva,4,94.5
Cape Town,Ward 30,4,372.75
New York,Fordham,4,63.75
New York,North Riverdale,4,70.75
Sydney,The Hills Shire,4,102.5
Rio de Janeiro,Padre Miguel,4,306
New York,Woodside,4,72.5
Rio de Janeiro,Vicente de Carvalho,4,104.75
Cape Town,Ward 12,4,300
New York,Woodlawn,4,230.75
Istanbul,Buyukcekmece,4,166
Cape Town,Ward 17,4,662.5
Istanbul,Pendik,4,291.5
New York,Forest Hills,4,70.5
New York,Jamaica,4,36.25
New York,East Elmhurst,4,54
New York,Shore Acres,4,145
Rio de Janeiro,Leblon,4,811.75
Rio de Janeiro,Olaria,4,394
Rio de Janeiro,Andarai,4,97.75
Sydney,Waverley,4,142
Rio de Janeiro,Cosmos,4,604.25
New York,Manhattan Beach,4,93.25
New York,Marble Hill,4,124.75
Rio de Janeiro,Jardim Carioca,4,103.25
Rio de Janeiro,Jardim Sulacap,4,361.5
Bangkok,Yan na wa,4,1262.5
Cape Town,Ward 76,4,425
Bangkok,Bang Bon,4,1847
Istanbul,Tuzla,4,154.25
Rio de Janeiro,Pitangueiras,4,136.5
Rio de Janeiro,Mangueira,4,81
Istanbul,Catalca,4,459.25
Rio de Janeiro,Vasco da Gama,4,95
Rio de Janeiro,Vargem Pequena,4,343
Rio de Janeiro,Inhauma,4,202.5
Rio de Janeiro,Taua,4,108.25
Rome,IX Eur,4,65.75
Sydney,Ku-Ring-Gai,4,211.25
Rio de Janeiro,Vila da Penha,4,127
Rio de Janeiro,Vila Militar,4,1067
New York,Concord,4,126.25
Bangkok,Bang Khen,4,836.75
New York,Middle Village,4,76
Cape Town,Ward 66,4,2809.75
New York,Ozone Park,4,52.75
Cape Town,Ward 10,4,621.5
New York,Port Richmond,4,46
Sydney,Canada Bay,4,61.25
Cape Town,Ward 77,4,811
New York,Port Morris,4,50
Cape Town,Ward 107,4,402.5
Sydney,Burwood,4,220
New York,Gowanus,4,51.75
Cape Town,Ward 32,4,2103.5
New York,Kips Bay,4,254.25
Hong Kong,Wong Tai Sin,4,837.5
Rio de Janeiro,Ramos,4,297.5
Cape Town,Ward 108,4,532
Rio de Janeiro,Penha Circular,4,68.25
New York,Randall Manor,4,250.5
Sydney,Parramatta,4,92.5
Hong Kong,Islands,4,1071.5
Rio de Janeiro,Santa Cruz,4,218.25
New York,Marble Hill,4,44.5
Bangkok,Thon buri,4,1632
New York,Jamaica Hills,4,145.75
Sydney,Marrickville,4,113.5
New York,Shore Acres,4,102
New York,Fieldston,4,604
Rio de Janeiro,Humaita,4,178.5
Rio de Janeiro,Maracana,4,126.5
New York,Castleton Corners,4,123
Rio de Janeiro,Jardim Sulacap,4,637.5
Rio de Janeiro,Gardenia Azul,4,245
Rio de Janeiro,Campinho,4,425.5
Cape Town,Ward 82,4,346.75
Rio de Janeiro,Catumbi,4,316
Istanbul,Beylikduzu,4,254.5
Cape Town,Ward 7,4,442.5
Sydney,Bankstown,4,83.75
Rio de Janeiro,Abolicao,4,433.5
Cape Town,Ward 104,4,959.75
Cape Town,Ward 23,4,453.75
New York,Ridgewood,4,27.75
New York,City Island,4,94
Mexico City,Tlahuac,4,1168.75
Istanbul,Maltepe,3,283.33
New York,Bensonhurst,3,41.33
Sydney,Sutherland Shire,3,408.67
Rio de Janeiro,Santissimo,3,251.33
Rio de Janeiro,Pilares,3,252.67
New York,Chelsea,3,48.33
New York,Eltingville,3,188
New York,Kensington,3,45.67
Cape Town,Ward 1,3,1516.67
Bangkok,Bang Kho laen,3,3003
Cape Town,Ward 73,3,1800
Sydney,Campbelltown,3,33.33
Bangkok,Bang Bon,3,1174
Rio de Janeiro,Higienopolis,3,199.33
New York,Grant City,3,93
Rio de Janeiro,Inhoaiba,3,671
New York,Greenwich Village,3,55.67
Bangkok,Bang Sue,3,618.33
New York,Clinton Hill,3,56.33
Sydney,Manly,3,72
Cape Town,Ward 110,3,2217
Hong Kong,Sai Kung,3,483.67
Rio de Janeiro,Campo Grande,3,260
Cape Town,Ward 25,3,1151.67
New York,Jackson Heights,3,53.33
Rio de Janeiro,Olaria,3,276.67
Rio de Janeiro,Praca da Bandeira,3,147.67
New York,Soundview,3,71.67
New York,Queens Village,3,43.33
Sydney,Holroyd,3,61.67
New York,Bayswater,3,75
Rio de Janeiro,Guaratiba,3,1286.33
Rio de Janeiro,Portuguesa,3,456.67
Rio de Janeiro,Pedra de Guaratiba,3,186.67
Rio de Janeiro,Sao Cristovao,3,208468.67
Hong Kong,Kowloon City,3,500
Mexico City,Xochimilco,3,261.33
Sydney,City Of Kogarah,3,48.67
New York,Dongan Hills,3,126
Cape Town,Ward 51,3,383.33
Cape Town,Ward 84,3,2013.33
Bangkok,Pra Wet,3,556.67
Rio de Janeiro,Praia da Bandeira,3,433.33
Sydney,Botany Bay,3,321.67
Bangkok,Bang Phlat,3,1241.67
New York,South Slope,3,120
Cape Town,Ward 22,3,2089.67
Cape Town,Ward 116,3,616.67
Cape Town,Ward 116,3,448.33
Rio de Janeiro,Vargem Grande,3,245.33
New York,North Riverdale,3,116.67
New York,Tremont,3,257.67
Cape Town,Ward 19,3,848.67
Rome,XV Cassia/Flaminia,3,30
Cape Town,Ward 112,3,1183.33
New York,Olinville,3,61.67
Rio de Janeiro,Tomas Coelho,3,324
Bangkok,Bang Khun thain,3,4402.67
Rio de Janeiro,Engenho da Rainha,3,800
Rio de Janeiro,Grumari,3,532.67
Cape Town,Ward 21,3,1300
New York,Melrose,3,73
Rio de Janeiro,Rocha,3,188.67
New York,Bellerose,3,141
Bangkok,Chatu Chak,3,6629.67
Rio de Janeiro,Guadalupe,3,197.67
Cape Town,Ward 100,3,452.33
Rio de Janeiro,Urca,3,158.67
Cape Town,Ward 93,3,305
Rio de Janeiro,Cascadura,3,210
Cape Town,Ward 111,3,787.33
New York,East New York,3,63.33
Rio de Janeiro,Sampaio,3,251.67
Rio de Janeiro,Galeao,3,82.33
Rio de Janeiro,Senador Camara,3,64.33
Cape Town,Ward 2,3,983.33
New York,Nolita,3,76.67
New York,Stuyvesant Town,3,71.67
Rio de Janeiro,Santo Cristo,3,1213.33
Rio de Janeiro,Barros Filho,3,223.33
Rio de Janeiro,Sepetiba,3,494
New York,New Dorp Beach,3,71.67
New York,Woodlawn,3,32.67
Sydney,Warringah,3,91.67
Cape Town,Ward 92,3,345
Bangkok,Bang Na,3,852.33
Istanbul,Esenyurt,3,327.33
Bangkok,Bang Kapi,3,633.33
Paris,Luxembourg,3,47.67
Rio de Janeiro,Sepetiba,3,460
New York,Oakwood,3,112
New York,Flatiron District,3,110
New York,Sunnyside,3,42.67
Cape Town,Ward 71,3,823.33
New York,Holliswood,3,203
Istanbul,Sariyer,3,1377.33
Mexico City,La Magdalena Contreras,3,365
Rio de Janeiro,Cidade Universitaria,3,166.33
Rio de Janeiro,Penha Circular,3,155.67
Rio de Janeiro,Bras de Pina,3,68.67
Rio de Janeiro,Ramos,3,121.33
Cape Town,Ward 2,3,895
Cape Town,Ward 30,2,250
Rio de Janeiro,Penha Circular,2,78
Rio de Janeiro,Pavuna,2,262
Cape Town,Ward 16,2,415.5
Cape Town,Ward 75,2,875
Rio de Janeiro,Jacare,2,310.5
Rio de Janeiro,Osvaldo Cruz,2,1007.5
Bangkok,Chom Thong,2,2250
Rio de Janeiro,Vicente de Carvalho,2,862.5
Sydney,Ku-Ring-Gai,2,65
New York,Parkchester,2,72
Rio de Janeiro,Praca da Bandeira,2,80
New York,Gramercy,2,538.5
New York,Belle Harbor,2,178
Istanbul,Bahcelievler,2,288.5
New York,Concourse,2,62.5
New York,Oakwood,2,128
Rio de Janeiro,Parada de Lucas,2,63
Rio de Janeiro,Ricardo de Albuquerque,2,900
New York,Little Neck,2,32
Rio de Janeiro,Osvaldo Cruz,2,900
Rio de Janeiro,Pitangueiras,2,128.5
New York,Emerson Hill,2,57.5
New York,Greenwich Village,2,139.5
New York,New Springville,2,124.5
Cape Town,Ward 108,2,350
Rio de Janeiro,Freguesia (Ilha),2,754
Mexico City,Milpa Alta,2,543.5
New York,Mount Eden,2,110
New York,Spuyten Duyvil,2,37
New York,Holliswood,2,254.5
Hong Kong,Wong Tai Sin,2,311.5
New York,Great Kills,2,72
Rio de Janeiro,Meier,2,73.5
Cape Town,Ward 85,2,550
Rio de Janeiro,Parque Anchieta,2,115
Cape Town,Ward 63,2,490
Rio de Janeiro,Tomas Coelho,2,68.5
Hong Kong,Islands,2,723.5
Rio de Janeiro,Lagoa,2,169.5
New York,Arden Heights,2,125
New York,Ditmars Steinway,2,72.5
New York,Howland Hook,2,152.5
Bangkok,Bang Khen,2,665
New York,Concourse Village,2,52
Cape Town,Ward 44,2,565
New York,Riverdale,2,66.5
Cape Town,Ward 55,2,325
Rio de Janeiro,Coelho Neto,2,121.5
Rio de Janeiro,Gamboa,2,47
New York,Mount Eden,2,107.5
New York,Flatlands,2,36
Istanbul,Adalar,2,830
Cape Town,Ward 92,2,767
Sydney,Hornsby,2,28
New York,West Village,2,230
New York,Port Richmond,2,54
Cape Town,Ward 94,2,540
New York,Coney Island,2,80
Rio de Janeiro,Bancarios,2,175
New York,Spuyten Duyvil,2,114.5
New York,Rossville,2,80
New York,Rosebank,2,70.5
New York,Rosebank,2,130
New York,Emerson Hill,2,66.5
Rio de Janeiro,Ribeira,2,457
New York,Woodhaven,2,28
New York,Bay Terrace,2,94.5
Rio de Janeiro,Gavea,2,58.5
New York,Todt Hill,2,82.5
New York,Westerleigh,2,134.5
New York,Bay Terrace,2,176
Sydney,Mosman,2,60
New York,St. Albans,2,29
New York,Navy Yard,2,77
Cape Town,Ward 104,2,600
Rio de Janeiro,Cascadura,2,231.5
New York,Silver Lake,2,87
Rio de Janeiro,Vigario Geral,2,177
Rio de Janeiro,Ramos,2,65
New York,Chinatown,2,105
New York,Cypress Hills,2,72
Sydney,Liverpool,2,268.5
New York,Maspeth,2,44.5
New York,New Dorp,2,107.5
New York,Douglaston,2,106
Bangkok,Lat Phrao,2,5000
Rio de Janeiro,Pavuna,2,713.5
Cape Town,Ward 65,2,350
New York,Brighton Beach,2,200
Rio de Janeiro,Praca Seca,2,835
Rio de Janeiro,Paciencia,2,818
Cape Town,Ward 16,2,360.5
Rio de Janeiro,Jacare,2,554.5
New York,Van Nest,2,205
New York,Downtown Brooklyn,2,67.5
Cape Town,Ward 58,2,274.5
New York,Brownsville,2,27
Cape Town,Ward 69,2,1199
Istanbul,Arnavutkoy,2,3825
New York,Little Neck,2,90
New York,Mill Basin,2,57.5
Rio de Janeiro,Sao Francisco Xavier,2,132.5
New York,Bergen Beach,2,87.5
Bangkok,Taling Chan,2,749.5
Rio de Janeiro,Higienopolis,2,410
Rio de Janeiro,Inhauma,2,441
New York,Richmond Hill,2,123
Rio de Janeiro,Senador Camara,2,637.5
New York,Williamsburg,2,0
New York,Westchester Square,2,85.5
Bangkok,Bang Kho laen,2,333
Cape Town,Ward 53,2,870
Istanbul,Silivri,2,1671.5
Rio de Janeiro,Rocinha,2,76
Cape Town,Ward 41,2,554.5
Rio de Janeiro,Monero,2,137.5
Rio de Janeiro,Parque Anchieta,2,62.5
New York,Prince's Bay,2,397.5
Rio de Janeiro,Grajau,2,175
Rio de Janeiro,Cordovil,2,130.5
Rio de Janeiro,Quintino Bocaiuva,2,1068
Istanbul,Uskudar,2,5673
New York,Tremont,2,42.5
Cape Town,Ward 82,2,1575
Rome,XI Arvalia/Portuense,2,25
Rio de Janeiro,Marechal Hermes,2,135
Rio de Janeiro,Saude,2,274
New York,Canarsie,2,145
Sydney,Penrith,2,332.5
Rio de Janeiro,Rocha Miranda,2,192.5
Cape Town,Ward 81,2,300
Rio de Janeiro,Coelho Neto,2,60.5
Istanbul,Cekmekoy,2,77.5
New York,Park Slope,2,47
Rio de Janeiro,Pechincha,2,236.5
Rio de Janeiro,Iraja,2,80.5
New York,South Beach,2,62
Rio de Janeiro,Parque Anchieta,1,1884
Rio de Janeiro,Manguinhos,1,315
Rio de Janeiro,Cachambi,1,100
Cape Town,Ward 55,1,1470
Rio de Janeiro,Complexo do Alemao,1,140
Rio de Janeiro,Bangu,1,80
Rio de Janeiro,Vila da Penha,1,70
Hong Kong,Sham Shui Po,1,500
New York,Fort Greene,1,140
New York,Willowbrook,1,309
Rio de Janeiro,Marechal Hermes,1,200
Rio de Janeiro,Mangueira,1,800
Cape Town,Ward 67,1,450
New York,Richmondtown,1,68
Rio de Janeiro,Bento Ribeiro,1,300
Rio de Janeiro,Magalhaes Bastos,1,150
Cape Town,Ward 78,1,12240
Rome,XIV Monte Mario,1,21
Rio de Janeiro,Cavalcanti,1,1500
Rio de Janeiro,Taquara,1,99
Istanbul,Tuzla,1,180
New York,Woodrow,1,255
Cape Town,Ward 96,1,600
New York,Pelham Bay,1,150
New York,Two Bridges,1,0
New York,Midland Beach,1,80
Rio de Janeiro,Coelho Neto,1,56
Cape Town,Ward 83,1,232
Bangkok,Bueng Kum,1,304
Mexico City,Tlalpan,1,500
Cape Town,Ward 25,1,837
New York,Huguenot,1,180
New York,New Dorp Beach,1,130
Mexico City,Iztacalco,1,622
Cape Town,Ward 44,1,7500
Cape Town,Ward 58,1,900
Rio de Janeiro,Cosme Velho,1,40
Cape Town,Ward 18,1,750
New York,New Brighton,1,1200
Cape Town,Ward 84,1,1080
New York,Fort Wadsworth,1,800
Rio de Janeiro,Jardim Guanabara,1,130
Rio de Janeiro,Deodoro,1,350
Bangkok,Min Buri,1,650
Cape Town,Ward 75,1,300
New York,Lighthouse Hill,1,210
Rio de Janeiro,Anil,1,100
Cape Town,Ward 38,1,750
Rio de Janeiro,Cocota,1,180
Mexico City,Iztapalapa,1,0
Cape Town,Ward 3,1,1000
New York,Unionport,1,60
New York,Bull's Head,1,60
Rio de Janeiro,Vaz Lobo,1,300
Cape Town,Ward 40,1,4000
Rio de Janeiro,Praia da Bandeira,1,100
Cape Town,Ward 68,1,1200
New York,Van Nest,1,31
Rio de Janeiro,Mare,1,150
Sydney,Blacktown,1,65
New York,Kew Gardens Hills,1,90
Cape Town,Ward 59,1,300
New York,Manhattan Beach,1,43
Rio de Janeiro,Zumbi,1,160
Rio de Janeiro,Complexo do Alemao,1,900
Rio de Janeiro,Sampaio,1,108
New York,Olinville,1,26
New York,Little Neck,1,91
Rio de Janeiro,Abolicao,1,136
Cape Town,Ward 110,1,450
Rio de Janeiro,Jardim Sulacap,1,180
Cape Town,Ward 20,1,550
New York,Mill Basin,1,125
Cape Town,Ward 81,1,500
Rio de Janeiro,Bento Ribeiro,1,46
Rio de Janeiro,Bonsucesso,1,60
New York,Bull's Head,1,46
Rio de Janeiro,Realengo,1,40
Cape Town,Ward 78,1,240
Istanbul,Gaziosmanpasa,1,148
New York,Kips Bay,1,0
Cape Town,Ward 32,1,570
Cape Town,Ward 96,1,576
Cape Town,Ward 53,1,860
Sydney,Camden,1,35
Istanbul,Catalca,1,76
Cape Town,Ward 50,1,180
Istanbul,Zeytinburnu,1,312
Rio de Janeiro,Cidade Universitaria,1,50
Cape Town,Ward 103,1,1200
New York,Belle Harbor,1,200
Rio de Janeiro,Agua Santa,1,180
Cape Town,Ward 4,1,850
Rio de Janeiro,Barros Filho,1,83
Sydney,Holroyd,1,49
Rio de Janeiro,Leme,1,85
New York,West Farms,1,65
Cape Town,Ward 31,1,650
Rio de Janeiro,Engenho da Rainha,1,250
Rio de Janeiro,Inhoaiba,1,175
Cape Town,Ward 6,1,900
Cape Town,Ward 28,1,1540
Cape Town,Ward 12,1,1100
Cape Town,Ward 45,1,350
Rio de Janeiro,Quintino Bocaiuva,1,40
Istanbul,Sultangazi,1,150
Hong Kong,Tsuen Wan,1,500
Rio de Janeiro,Anchieta,1,800
Istanbul,Gungoren,1,424
Rio de Janeiro,Encantado,1,203
New York,Norwood,1,55
New York,College Point,1,50
New York,St. George,1,79
New York,Far Rockaway,1,80
Cape Town,Ward 91,1,300
Rio de Janeiro,Santissimo,1,600
New York,Concord,1,25
Rio de Janeiro,Leblon,1,68
Rio de Janeiro,Benfica,1,50
Cape Town,Ward 57,1,786
Rio de Janeiro,Vargem Pequena,1,65
Cape Town,Ward 111,1,2000
New York,Fort Hamilton,1,179
New York,Graniteville,1,45
Hong Kong,Kwun Tong,1,120
New York,Country Club,1,85
Rio de Janeiro,Cacuia,1,90
New York,New Springville,1,68
New York,Prospect-Lefferts Gardens,1,22
New York,Schuylerville,1,35
New York,Fresh Meadows,1,80
New York,Graniteville,1,111
New York,Castle Hill,1,71
Rio de Janeiro,Cascadura,1,48
New York,Gerritsen Beach,1,30
Rio de Janeiro,Engenho de Dentro,1,46
Rio de Janeiro,Manguinhos,1,700
Cape Town,Ward 92,1,250
New York,Richmondtown,1,105
New York,South Beach,1,89
Cape Town,Ward 113,1,450
New York,Astoria,1,100
Rio de Janeiro,Bancarios,1,114
Rio de Janeiro,Monero,1,125
New York,Arden Heights,1,36
New York,East Village,1,0
New York,Cobble Hill,1,79
Cape Town,Ward 72,1,500
Cape Town,Ward 29,1,180
Rio de Janeiro,Cavalcanti,1,350
Rio de Janeiro,Olaria,1,185
Bangkok,Phasi Charoen,1,600
New York,Battery Park City,1,37
Cape Town,Ward 1,1,735
New York,Holliswood,1,16
Rio de Janeiro,Rocha Miranda,1,800
New York,Briarwood,1,85
New York,Bronxdale,1,51
Rio de Janeiro,Camorim,1,274
New York,Eltingville,1,53
Rio de Janeiro,Vista Alegre,1,1326
Rio de Janeiro,Honorio Gurgel,1,70
Sydney,Sutherland Shire,1,69
Rio de Janeiro,Riachuelo,1,50
Istanbul,Sultanbeyli,1,130
Cape Town,Ward 26,1,350
Cape Town,Ward 101,1,800
New York,Red Hook,1,200
New York,Olinville,1,125
New York,Tottenville,1,309
New York,Harlem,1,125
New York,Bushwick,1,50
Cape Town,Ward 74,1,650
Istanbul,Bagcilar,1,627
Rio de Janeiro,Madureira,1,88
Rio de Janeiro,Cacuia,1,1500
Bangkok,Min Buri,1,800
New York,Shore Acres,1,89
Rio de Janeiro,Ribeira,1,280
New York,Civic Center,1,225
Rio de Janeiro,Gericino,1,110
Cape Town,Ward 29,1,800
New York,SoHo,1,100
Rio de Janeiro,Mangueira,1,90
Hong Kong,Tsuen Wan,1,210
Rio de Janeiro,Maria da Graca,1,40
Rio de Janeiro,Acari,1,250
New York,Mott Haven,1,0
New York,Theater District,1,66
Rio de Janeiro,Alto da Boa Vista,1,150
New York,Great Kills,1,99
New York,Douglaston,1,69
New York,Todt Hill,1,100
Sydney,Pittwater,1,250
Rio de Janeiro,Vasco da Gama,1,250
Rio de Janeiro,Deodoro,1,54
Rio de Janeiro,Vila Kosmos,1,39
New York,Rego Park,1,68
Rio de Janeiro,Saude,1,226
Cape Town,Ward 5,1,1040
Rio de Janeiro,Vaz Lobo,1,1364
Rio de Janeiro,Senador Camara,1,50
New York,Park Slope,1,119
Cape Town,Ward 61,1,2402
Sydney,Leichhardt,1,35
New York,Kew Gardens,1,20
New York,University Heights,1,110
Cape Town,Ward 9,1,350
New York,Castleton Corners,1,45
New York,Bedford-Stuyvesant,1,1000
Cape Town,Ward 94,1,200
New York,Springfield Gardens,1,200
Rio de Janeiro,Piedade,1,60
Rio de Janeiro,Anchieta,1,4844
Sydney,Willoughby,1,112
Rio de Janeiro,Paqueta,1,90
New York,Roosevelt Island,1,48
New York,Bayside,1,112
Rio de Janeiro,Jardim Carioca,1,50
