city,neighbourhood,total_count
Rome,I Centro Storico,9790
Paris,Buttes-Montmartre,6406
Rio de Janeiro,Copacabana,6226
Paris,Popincourt,5516
Sydney,Sydney,4857
Mexico City,Cuauhtemoc,4577
Istanbul,Beyoglu,4131
Rome,I Centro Storico,4131
Paris,Vaugirard,4125
Paris,Enclos-St-Laurent,3972
Paris,Batignolles-Monceau,3732
Paris,Menilmontant,3171
Sydney,Waverley,3149
Paris,Buttes-Chaumont,3050
Sydney,Sydney,2876
Paris,Passy,2809
Mexico City,Cuauhtemoc,2754
Paris,Temple,2718
Cape Town,Ward 115,2712
Paris,Opera,2518
Paris,Reuilly,2244
Istanbul,Beyoglu,2201
Rio de Janeiro,Ipanema,2188
Rio de Janeiro,Barra da Tijuca,2074
Paris,Observatoire,2073
Cape Town,Ward 54,2051
Mexico City,Miguel Hidalgo,2045
Hong Kong,Yau Tsim Mong,1978
Istanbul,Sisli,1976
Paris,Bourse,1940
Paris,Gobelins,1801
Paris,Pantheon,1799
Paris,Hotel-de-Ville,1786
Sydney,Randwick,1703
Istanbul,Fatih,1694
Bangkok,Khlong Toei,1659
Paris,Luxembourg,1617
Mexico City,Benito Juarez,1578
Bangkok,Vadhana,1550
Paris,Palais-Bourbon,1525
Sydney,Waverley,1503
Mexico City,Benito Juarez,1488
New York,Bedford-Stuyvesant,1456
Istanbul,Sisli,1389
Paris,Elysee,1387
New York,Williamsburg,1369
Rio de Janeiro,Copacabana,1359
New York,Williamsburg,1339
Istanbul,Kadikoy,1317
Sydney,Warringah,1317
Sydney,Randwick,1249
Sydney,Manly,1248
Istanbul,Fatih,1222
New York,Bedford-Stuyvesant,1201
Paris,Louvre,1189
Mexico City,Miguel Hidalgo,1178
New York,Bushwick,1148
Rome,VII San Giovanni/Cinecitta,1142
Rome,II Parioli/Nomentano,1128
New York,Harlem,1120
Rome,XIII Aurelia,1105
Sydney,Pittwater,1075
Mexico City,Coyoacan,1051
Bangkok,Huai Khwang,1044
New York,Upper East Side,1043
Rio de Janeiro,Leblon,1017
Sydney,Woollahra,970
New York,Hell's Kitchen,969
Rio de Janeiro,Jacarepagua,969
New York,Upper West Side,941
Cape Town,Ward 77,937
New York,Midtown,921
Rio de Janeiro,Recreio dos Bandeirantes,884
Rome,I Centro Storico,872
Rome,XII Monte Verde,863
Istanbul,Kadikoy,850
Rome,VII San Giovanni/Cinecitta,837
Istanbul,Besiktas,834
Cape Town,Ward 23,831
New York,East Village,828
New York,Harlem,826
Bangkok,Ratchathewi,819
Sydney,North Sydney,808
Hong Kong,Wan Chai,801
Rio de Janeiro,Botafogo,796
Cape Town,Ward 74,775
Rome,II Parioli/Nomentano,770
Istanbul,Besiktas,738
Cape Town,Ward 64,735
Paris,Buttes-Montmartre,726
Hong Kong,Yau Tsim Mong,723
Bangkok,Vadhana,681
Cape Town,Ward 61,663
Rio de Janeiro,Barra da Tijuca,611
Paris,Buttes-Chaumont,601
Paris,Popincourt,594
Rome,V Prenestino/Centocelle,594
New York,Chelsea,593
Rio de Janeiro,Centro,572
Sydney,Marrickville,571
Sydney,Leichhardt,569
New York,Crown Heights,566
Paris,Vaugirard,563
Mexico City,Coyoacan,563
New York,Crown Heights,552
Paris,Menilmontant,547
Mexico City,Tlalpan,542
Paris,Enclos-St-Laurent,538
Bangkok,Sathon,535
Bangkok,Khlong Toei,535
Sydney,Marrickville,524
Hong Kong,Wan Chai,520
Istanbul,Esenyurt,511
Mexico City,A�lvaro Obregon,504
Hong Kong,Central & Western,504
Bangkok,Bang Rak,497
New York,Bushwick,497
New York,West Village,496
Istanbul,Uskudar,493
Rome,XIII Aurelia,492
Sydney,Rockdale,491
New York,Greenpoint,491
New York,Hell's Kitchen,481
Cape Town,Ward 62,480
Paris,Batignolles-Monceau,480
New York,East Village,478
New York,Upper West Side,472
Bangkok,Phra Nakhon,455
Cape Town,Ward 115,454
Mexico City,A�lvaro Obregon,453
Rome,V Prenestino/Centocelle,450
Paris,Opera,448
Cape Town,Ward 54,447
Rio de Janeiro,Santa Teresa,437
Paris,Gobelins,436
Rome,VIII Appia Antica,435
Rome,X Ostia/Acilia,432
New York,Midtown,431
Rio de Janeiro,Flamengo,424
Bangkok,Phra Khanong,423
Cape Town,Ward 59,420
Rome,XII Monte Verde,416
Bangkok,Bang Rak,416
New York,Astoria,410
New York,Washington Heights,404
Sydney,Woollahra,396
Rio de Janeiro,Santa Teresa,393
New York,Lower East Side,392
Bangkok,Huai Khwang,391
Cape Town,Ward 55,386
Rio de Janeiro,Botafogo,386
Hong Kong,Central & Western,382
Rio de Janeiro,Leme,381
Sydney,Warringah,380
Sydney,Botany Bay,378
Sydney,Mosman,377
Sydney,Manly,374
Bangkok,Ratchathewi,374
Sydney,Sutherland Shire,367
New York,East Harlem,362
Paris,Observatoire,359
Paris,Reuilly,359
Rome,XIV Monte Mario,358
Cape Town,Ward 107,355
Sydney,North Sydney,355
Rio de Janeiro,Ipanema,355
Bangkok,Bang Na,348
New York,East Harlem,347
Bangkok,Chatu Chak,346
Cape Town,Ward 69,343
Rome,VIII Appia Antica,342
Istanbul,Kagithane,336
New York,Murray Hill,334
Bangkok,Parthum Wan,333
Sydney,Rockdale,332
Rome,XV Cassia/Flaminia,330
Istanbul,Fatih,326
Mexico City,Cuajimalpa de Morelos,323
Sydney,Ryde,317
Rio de Janeiro,Jacarepagua,316
Sydney,Parramatta,302
Paris,Passy,302
Rome,IV Tiburtina,301
New York,Greenpoint,300
New York,Woodside,299
Rome,XI Arvalia/Portuense,298
Bangkok,Din Daeng,298
New York,Kips Bay,298
Cape Town,Ward 57,286
Sydney,Willoughby,285
Istanbul,Kagithane,282
Mexico City,Tlalpan,279
Rio de Janeiro,Tijuca,277
New York,Upper East Side,276
New York,Lower East Side,275
Cape Town,Ward 77,274
Rio de Janeiro,Recreio dos Bandeirantes,272
Bangkok,Chatu Chak,268
Cape Town,Ward 58,267
Paris,Luxembourg,267
Bangkok,Sathon,266
New York,Park Slope,266
New York,Financial District,263
New York,Clinton Hill,260
Sydney,Ryde,258
Cape Town,Ward 15,257
New York,Chelsea,255
Bangkok,Suanluang,253
Bangkok,Khlong San,249
Bangkok,Phra Khanong,249
New York,Flushing,248
Paris,Pantheon,248
Bangkok,Phaya Thai,247
Sydney,Leichhardt,247
New York,Fort Greene,246
Cape Town,Ward 71,246
Istanbul,Basaksehir,240
Rio de Janeiro,Laranjeiras,240
Sydney,Sydney,239
New York,Astoria,238
Mexico City,Venustiano Carranza,234
New York,East Flatbush,234
Sydney,Botany Bay,234
Rome,III Monte Sacro,234
Sydney,Hornsby,231
Bangkok,Din Daeng,227
Cape Town,Ward 100,227
Istanbul,Maltepe,226
Rome,XI Arvalia/Portuense,225
New York,Financial District,225
New York,Flatbush,224
Rome,IV Tiburtina,219
Mexico City,Gustavo A. Madero,218
Sydney,Parramatta,217
Cape Town,Ward 84,216
Rome,IX Eur,214
Bangkok,Phaya Thai,213
Bangkok,Bang Na,212
Sydney,Canterbury,212
Sydney,Blacktown,211
Istanbul,Atasehir,208
Istanbul,Beyoglu,207
Cape Town,Ward 83,206
Cape Town,Ward 23,205
New York,Washington Heights,204
Hong Kong,Islands,203
Rome,XIV Monte Mario,202
Istanbul,Uskudar,201
Rio de Janeiro,Lagoa,200
Sydney,Auburn,198
Paris,Bourse,197
Rio de Janeiro,Camorim,196
Cape Town,Ward 57,196
Mexico City,Venustiano Carranza,195
New York,Ridgewood,194
New York,Flatbush,194
Bangkok,Khlong San,194
Paris,Elysee,193
Sydney,Hornsby,192
New York,Long Island City,191
Cape Town,Ward 74,191
Sydney,Canada Bay,191
New York,Prospect-Lefferts Gardens,191
Bangkok,Suanluang,190
Rome,X Ostia/Acilia,189
Mexico City,Iztapalapa,188
Sydney,Canada Bay,188
Cape Town,Ward 64,187
New York,Greenwich Village,185
Hong Kong,Yau Tsim Mong,185
New York,Elmhurst,183
Istanbul,Esenyurt,183
Sydney,Willoughby,183
Paris,Opera,181
Paris,Temple,180
Rio de Janeiro,Laranjeiras,179
New York,Sunnyside,179
Bangkok,Bang Kapi,178
New York,SoHo,177
Rio de Janeiro,Tijuca,177
Cape Town,Ward 73,177
Paris,Elysee,177
Mexico City,Cuauhtemoc,176
Bangkok,Bang Sue,175
Sydney,Bankstown,175
Mexico City,Cuajimalpa de Morelos,175
Rio de Janeiro,Flamengo,175
Istanbul,Bagcilar,174
Sydney,The Hills Shire,172
Rome,III Monte Sacro,170
Rio de Janeiro,Catete,170
Hong Kong,Kowloon City,166
New York,Prospect-Lefferts Gardens,165
Sydney,Auburn,165
Cape Town,Ward 107,164
Cape Town,Ward 4,164
Paris,Palais-Bourbon,161
Istanbul,Sariyer,161
New York,Gramercy,161
Bangkok,Parthum Wan,161
Cape Town,Ward 113,161
Sydney,Lane Cove,159
Istanbul,Atasehir,158
Rio de Janeiro,Centro,158
New York,Sunset Park,157
New York,Long Island City,156
New York,Clinton Hill,156
Paris,Hotel-de-Ville,155
Bangkok,Vadhana,155
Sydney,Ku-Ring-Gai,153
Hong Kong,Yau Tsim Mong,152
New York,Chinatown,152
Rome,XV Cassia/Flaminia,152
New York,Jackson Heights,151
Bangkok,Khlong Toei,149
Sydney,Burwood,149
Istanbul,Sariyer,148
Istanbul,Bakirkoy,148
Sydney,Ku-Ring-Gai,147
Rio de Janeiro,Gloria,147
Cape Town,Ward 61,146
New York,South Slope,146
Bangkok,Bang Kapi,144
Mexico City,Azcapotzalco,144
Hong Kong,Eastern,143
Bangkok,Thon buri,143
Rio de Janeiro,Leblon,143
Bangkok,Phra Nakhon,142
Mexico City,Iztacalco,142
New York,Sunset Park,142
Istanbul,Maltepe,142
Mexico City,Gustavo A. Madero,140
Sydney,Sutherland Shire,139
Sydney,City Of Kogarah,139
Bangkok,Don Mueang,139
New York,Prospect Heights,138
Rome,VI Roma delle Torri,138
New York,Nolita,138
Bangkok,Yan na wa,138
Paris,Louvre,138
Cape Town,Ward 1,137
Istanbul,Bahcelievler,137
Bangkok,Bang Phlat,136
Hong Kong,Kowloon City,136
Istanbul,Beyoglu,135
New York,East Flatbush,135
Rio de Janeiro,Gavea,134
New York,Carroll Gardens,132
New York,Morningside Heights,130
Istanbul,Avcilar,129
Rio de Janeiro,Jardim Botanico,128
Cape Town,Ward 113,127
Sydney,Ashfield,127
Cape Town,Ward 62,127
Istanbul,Pendik,126
Rio de Janeiro,Sao Conrado,125
Istanbul,Adalar,124
New York,Theater District,124
New York,Ditmars Steinway,123
Cape Town,Ward 59,122
Hong Kong,North,122
New York,Tribeca,121
Sydney,Ashfield,121
Istanbul,Umraniye,119
Mexico City,Cuauhtemoc,119
Sydney,The Hills Shire,119
Bangkok,Lat Krabang,118
Bangkok,Lat Krabang,118
Bangkok,Phra Nakhon,117
Sydney,Canterbury,115
Sydney,Strathfield,113
Cape Town,Ward 53,113
Bangkok,Bangkok Noi,113
Cape Town,Ward 4,112
Istanbul,Eyup,111
Paris,Luxembourg,111
Rio de Janeiro,Copacabana,110
Hong Kong,Eastern,110
Cape Town,Ward 100,110
New York,Boerum Hill,109
Istanbul,Sile,109
Bangkok,Thon buri,109
Istanbul,Eyup,108
Mexico City,Iztacalco,108
Bangkok,Phasi Charoen,108
Rome,IX Eur,108
Rio de Janeiro,Humaita,108
Hong Kong,Wan Chai,108
Bangkok,Bang Phlat,108
Cape Town,Ward 15,107
Bangkok,Bang Sue,107
Istanbul,Umraniye,107
New York,Jamaica,107
New York,Gowanus,107
Istanbul,Bakirkoy,106
Rome,VI Roma delle Torri,106
New York,Theater District,106
Sydney,Lane Cove,105
Sydney,Hurstville,104
Rio de Janeiro,Vila Isabel,104
Istanbul,Kucukcekmece,104
Istanbul,Avcilar,104
Rio de Janeiro,Leme,103
New York,Morningside Heights,103
Cape Town,Ward 84,103
Bangkok,Ratchathewi,103
Cape Town,Ward 58,103
Sydney,Sydney,102
Paris,Vaugirard,101
Mexico City,Iztapalapa,101
Cape Town,Ward 70,101
New York,Chinatown,101
Cape Town,Ward 21,100
Paris,Batignolles-Monceau,99
Mexico City,Azcapotzalco,99
New York,Ditmars Steinway,98
Istanbul,Kartal,98
Sydney,Penrith,97
New York,Flushing,97
New York,East New York,97
Bangkok,Bang Kho laen,97
New York,Sunnyside,97
New York,Ridgewood,93
Rome,XIII Aurelia,93
Mexico City,La Magdalena Contreras,93
New York,Inwood,93
Bangkok,Pra Wet,91
New York,Prospect Heights,91
New York,Park Slope,91
Hong Kong,Yuen Long,91
New York,Fort Greene,91
Bangkok,Bang Rak,90
Rio de Janeiro,Sao Conrado,90
Sydney,Pittwater,89
New York,Kips Bay,89
Sydney,Mosman,89
New York,Brooklyn Heights,88
Istanbul,Pendik,88
Bangkok,Phra Nakhon,88
Bangkok,Pra Wet,88
Cape Town,Ward 53,88
Mexico City,Xochimilco,87
Bangkok,Wang Thong Lang,87
New York,West Village,86
Cape Town,Ward 55,86
Istanbul,Kartal,86
New York,East New York,86
Cape Town,Ward 115,86
Rio de Janeiro,Maracana,85
New York,East Elmhurst,85
New York,Gramercy,84
Rome,VII San Giovanni/Cinecitta,84
Istanbul,Fatih,84
New York,SoHo,84
Istanbul,Sisli,84
Bangkok,Lak Si,83
Rio de Janeiro,Freguesia (Jacarepagua),83
Hong Kong,Sham Shui Po,83
Paris,Passy,83
Bangkok,Bang Khen,82
New York,Little Italy,81
Sydney,Waverley,81
New York,Midtown,81
Paris,Pantheon,81
Rome,I Centro Storico,81
New York,Sheepshead Bay,80
Sydney,Bankstown,80
Istanbul,Bahcelievler,80
Bangkok,Dusit,80
Hong Kong,Islands,80
Cape Town,Ward 21,79
Bangkok,Yan na wa,79
Paris,Palais-Bourbon,79
Paris,Enclos-St-Laurent,78
Istanbul,Kucukcekmece,78
Bangkok,Pom Prap Sattru Phai,77
Rio de Janeiro,Jardim Botanico,76
New York,Inwood,76
Cape Town,Ward 70,76
Bangkok,Bang Rak,76
Bangkok,Ratchathewi,75
Rome,II Parioli/Nomentano,75
Paris,Louvre,75
Cape Town,Ward 69,75
Rio de Janeiro,Urca,74
Bangkok,Wang Thong Lang,74
Istanbul,Beylikduzu,74
Sydney,Liverpool,74
Paris,Buttes-Montmartre,74
Rio de Janeiro,Vila Isabel,73
Istanbul,Sisli,73
New York,Theater District,72
Istanbul,Buyukcekmece,72
New York,Canarsie,72
Sydney,City Of Kogarah,72
New York,Jamaica,71
Rio de Janeiro,Itanhanga,71
Bangkok,Vadhana,69
New York,Nolita,69
New York,Greenwich Village,69
New York,Cypress Hills,69
Bangkok,Phasi Charoen,69
Cape Town,Ward 112,68
Rio de Janeiro,Vidigal,68
Sydney,Hurstville,68
Rio de Janeiro,Joa,67
Rio de Janeiro,Vargem Pequena,67
Paris,Buttes-Chaumont,66
Cape Town,Ward 2,66
New York,Kensington,66
Sydney,Penrith,66
Istanbul,Kadikoy,66
Cape Town,Ward 1,66
Rio de Janeiro,Itanhanga,66
Rio de Janeiro,Maracana,65
New York,Windsor Terrace,65
Sydney,Burwood,65
Rio de Janeiro,Campo Grande,64
Cape Town,Ward 2,64
Sydney,Blacktown,64
Istanbul,Sile,63
Bangkok,Samphanthawong,63
New York,Maspeth,63
Istanbul,Zeytinburnu,62
New York,Bay Ridge,62
Sydney,Liverpool,62
Cape Town,Ward 105,62
Istanbul,Gaziosmanpasa,61
New York,Borough Park,61
New York,Canarsie,61
Rio de Janeiro,Lagoa,60
Istanbul,Adalar,60
New York,Woodside,60
Sydney,Campbelltown,60
Bangkok,Parthum Wan,60
Sydney,Holroyd,60
Bangkok,Bang Khen,60
New York,Flatiron District,59
New York,Jackson Heights,59
Mexico City,Xochimilco,59
New York,South Slope,59
Rio de Janeiro,Vargem Grande,59
New York,Cobble Hill,58
Hong Kong,Sham Shui Po,58
Istanbul,Tuzla,58
Rio de Janeiro,Gavea,58
Cape Town,Ward 85,58
Bangkok,Bang Khae,58
Rio de Janeiro,Catete,57
Rio de Janeiro,Taquara,57
New York,East Elmhurst,57
Rio de Janeiro,Gloria,57
Bangkok,Bangkok Yai,57
Sydney,Strathfield,56
New York,Gowanus,56
Cape Town,Ward 73,56
New York,Battery Park City,56
Rio de Janeiro,Humaita,56
Istanbul,Beykoz,56
New York,Murray Hill,56
Rio de Janeiro,Taquara,55
Hong Kong,Sai Kung,55
Bangkok,Lak Si,55
Rio de Janeiro,Camorim,55
Sydney,Randwick,55
Cape Town,Ward 3,55
New York,Kensington,55
Bangkok,Sathon,54
Rio de Janeiro,Guaratiba,53
New York,Bedford-Stuyvesant,53
Cape Town,Ward 71,53
Hong Kong,North,53
Bangkok,Bang Kho laen,52
Bangkok,Chom Thong,52
Paris,Popincourt,51
Rio de Janeiro,Cosme Velho,51
Cape Town,Ward 5,51
Istanbul,Arnavutkoy,51
Istanbul,Beykoz,51
Cape Town,Ward 8,50
Sydney,Fairfield,50
Mexico City,La Magdalena Contreras,49
Istanbul,Bagcilar,48
New York,Red Hook,48
New York,Forest Hills,48
Rio de Janeiro,Freguesia (Jacarepagua),48
New York,Bay Ridge,48
Istanbul,Gungoren,48
New York,Elmhurst,48
New York,Sheepshead Bay,47
Istanbul,Zeytinburnu,47
New York,Woodhaven,47
Bangkok,Samphanthawong,46
New York,Tribeca,46
New York,Rego Park,46
Bangkok,Lat Phrao,46
Cape Town,Ward 54,46
Bangkok,Phaya Thai,45
Cape Town,Ward 103,45
Rio de Janeiro,Vargem Pequena,45
Bangkok,Bang Khae,45
Paris,Popincourt,45
Bangkok,Bangkok Noi,44
Cape Town,Ward 109,44
New York,Midwood,44
New York,Arverne,44
New York,Forest Hills,44
Rio de Janeiro,Jacarepagua,44
Sydney,Campbelltown,44
New York,Richmond Hill,43
Cape Town,Ward 105,43
Istanbul,Tuzla,43
Bangkok,Don Mueang,43
Rio de Janeiro,Rio Comprido,43
Istanbul,Basaksehir,42
New York,Hell's Kitchen,42
New York,Midwood,42
Cape Town,Ward 83,42
New York,Springfield Gardens,41
Paris,Bourse,41
New York,Brownsville,41
Bangkok,Pom Prap Sattru Phai,41
Cape Town,Ward 115,41
New York,NoHo,41
Rio de Janeiro,Rio Comprido,40
Paris,Observatoire,40
New York,Two Bridges,40
Bangkok,Khan Na Yao,40
Paris,Enclos-St-Laurent,40
Rio de Janeiro,Sao Cristovao,40
Mexico City,Benito Juarez,39
Rio de Janeiro,Estacio,39
Cape Town,Ward 60,39
New York,Roosevelt Island,39
Bangkok,Chom Thong,39
Rio de Janeiro,Vidigal,38
Rio de Janeiro,Sao Cristovao,38
Istanbul,Beylikduzu,38
New York,Flatlands,38
Cape Town,Ward 60,38
Cape Town,Ward 102,38
New York,Wakefield,38
Sydney,Randwick,38
New York,Springfield Gardens,37
Paris,Vaugirard,37
New York,St. Albans,37
Istanbul,Besiktas,37
Mexico City,Coyoacan,37
New York,Carroll Gardens,37
Bangkok,Huai Khwang,37
Bangkok,Khlong San,36
Cape Town,Ward 8,36
New York,Stuyvesant Town,36
New York,Brighton Beach,36
Sydney,Fairfield,36
Istanbul,Arnavutkoy,36
Rio de Janeiro,Santa Teresa,35
Bangkok,Bueng Kum,35
Mexico City,Miguel Hidalgo,35
New York,Downtown Brooklyn,35
New York,Rosedale,35
New York,Corona,35
New York,Longwood,35
Sydney,Hunters Hill,35
Bangkok,Min Buri,35
Rio de Janeiro,Barra de Guaratiba,35
Cape Town,Ward 63,35
Rio de Janeiro,Vargem Grande,34
Hong Kong,Central & Western,34
Rio de Janeiro,Urca,34
New York,Rockaway Beach,34
New York,Concourse,34
Bangkok,Bangkok Yai,34
New York,Cypress Hills,33
Bangkok,Khlong Toei,33
New York,Queens Village,33
New York,Mott Haven,33
Rio de Janeiro,Botafogo,33
New York,Lower East Side,33
Bangkok,Min Buri,33
Bangkok,Din Daeng,33
Rio de Janeiro,Centro,33
Rome,XII Monte Verde,32
Rio de Janeiro,Cosme Velho,32
New York,Kingsbridge,32
Sydney,Holroyd,32
New York,Bushwick,32
New York,Flatlands,32
Paris,Reuilly,32
New York,Bensonhurst,32
Sydney,Rockdale,32
Hong Kong,Yuen Long,31
Bangkok,Phaya Thai,31
Rio de Janeiro,Pechincha,31
Cape Town,Ward 5,31
Bangkok,Saphan Sung,31
Istanbul,Silivri,31
Cape Town,Ward 63,31
Paris,Buttes-Montmartre,31
Rio de Janeiro,Jardim Guanabara,31
Paris,Temple,31
New York,Gravesend,31
Cape Town,Ward 112,31
Istanbul,Uskudar,31
Istanbul,Buyukcekmece,31
New York,Upper West Side,30
Paris,Menilmontant,30
Bangkok,Sai Mai,30
Rio de Janeiro,Curicica,30
New York,Glendale,30
Bangkok,Rat Burana,30
Rio de Janeiro,Barra da Tijuca,30
New York,Rego Park,30
Mexico City,Miguel Hidalgo,30
Hong Kong,Sha Tin,30
Cape Town,Ward 3,29
Bangkok,Dusit,29
Istanbul,Cekmekoy,29
Istanbul,Cekmekoy,29
New York,Fort Hamilton,29
New York,Fordham,29
Bangkok,Khan Na Yao,29
New York,Gravesend,29
Bangkok,Bueng Kum,29
New York,Bensonhurst,29
Rio de Janeiro,Alto da Boa Vista,29
Hong Kong,Southern,28
Sydney,Camden,28
Rio de Janeiro,Praca da Bandeira,28
Bangkok,Huai Khwang,28
New York,Mott Haven,28
Rio de Janeiro,Vidigal,28
Bangkok,Lat Phrao,28
Mexico City,Tlahuac,28
Mexico City,Benito Juarez,28
New York,Maspeth,28
Istanbul,Kagithane,28
New York,Richmond Hill,28
Hong Kong,Kowloon City,27
New York,Boerum Hill,27
Istanbul,Sancaktepe,27
Istanbul,Kadikoy,27
Hong Kong,Sai Kung,26
Cape Town,Ward 11,26
Rio de Janeiro,Guaratiba,26
Rio de Janeiro,Grajau,26
Bangkok,Taling Chan,26
New York,Columbia St,26
New York,Civic Center,26
Rio de Janeiro,Estacio,25
New York,St. Albans,25
New York,South Ozone Park,25
Bangkok,Sathon,25
Rio de Janeiro,Andarai,25
New York,Harlem,25
Cape Town,Ward 60,25
New York,Claremont Village,25
New York,Rosedale,25
New York,Washington Heights,25
Bangkok,Rat Burana,25
New York,Brighton Beach,24
Cape Town,Ward 14,24
New York,Port Morris,24
New York,Williamsbridge,24
New York,Stuyvesant Town,24
New York,St. George,24
Cape Town,Ward 46,24
New York,Norwood,24
Istanbul,Gungoren,24
Mexico City,Coyoacan,24
Rio de Janeiro,Anil,23
New York,Williamsburg,23
Istanbul,Esenler,23
New York,Two Bridges,23
Bangkok,Khlong Sam Wa,23
Istanbul,Esenyurt,23
Cape Town,Ward 86,23
Rio de Janeiro,Recreio dos Bandeirantes,23
New York,Wakefield,23
Sydney,Camden,23
Cape Town,Ward 27,23
Rio de Janeiro,Engenho de Dentro,23
Istanbul,Besiktas,23
New York,Upper East Side,23
New York,Long Island City,22
Bangkok,Pom Prap Sattru Phai,22
Istanbul,Bayrampasa,22
Istanbul,Esenler,22
Cape Town,Ward 103,22
Bangkok,Sai Mai,22
New York,Borough Park,22
New York,Kew Gardens,22
Rio de Janeiro,Andarai,22
Rome,V Prenestino/Centocelle,22
New York,Tompkinsville,21
New York,Little Italy,21
New York,Brooklyn Heights,21
Rome,IX Eur,21
Rio de Janeiro,Curicica,21
Istanbul,Gaziosmanpasa,21
Paris,Passy,21
Rome,V Prenestino/Centocelle,21
New York,Chelsea,21
Paris,Gobelins,21
Bangkok,Samphanthawong,21
Rio de Janeiro,Jardim Guanabara,21
Rio de Janeiro,Barra de Guaratiba,21
Rio de Janeiro,Paqueta,21
Istanbul,Bakirkoy,20
Rio de Janeiro,Todos os Santos,20
Istanbul,Sancaktepe,20
New York,Arverne,20
Cape Town,Ward 9,20
New York,DUMBO,20
Bangkok,Khlong Sam Wa,20
Paris,Hotel-de-Ville,20
Cape Town,Ward 102,20
Rio de Janeiro,Praca da Bandeira,20
Mexico City,Tlahuac,20
Rio de Janeiro,Leme,20
New York,Windsor Terrace,20
New York,Fresh Meadows,20
Hong Kong,Southern,20
New York,Woodhaven,20
New York,SoHo,20
Rio de Janeiro,Grajau,20
Paris,Gobelins,20
Rio de Janeiro,Engenho de Dentro,20
New York,Throgs Neck,20
New York,Ozone Park,20
Sydney,North Sydney,20
New York,East Harlem,19
Sydney,Ryde,19
Paris,Reuilly,19
Istanbul,Bakirkoy,19
New York,Briarwood,19
New York,Kingsbridge,19
Cape Town,Ward 27,19
New York,Bayside,19
New York,Brownsville,19
Paris,Batignolles-Monceau,19
Bangkok,Parthum Wan,19
New York,Financial District,19
Mexico City,Tlalpan,19
Cape Town,Ward 10,19
Hong Kong,Kwun Tong,19
Istanbul,Avcilar,18
Cape Town,Ward 67,18
Bangkok,Saphan Sung,18
New York,Downtown Brooklyn,18
New York,Middle Village,18
New York,Midtown,18
Istanbul,Atasehir,18
Rio de Janeiro,Anil,18
New York,Vinegar Hill,18
Hong Kong,North,18
Bangkok,Taling Chan,18
Rio de Janeiro,Engenho Novo,18
Rio de Janeiro,Pechincha,18
New York,Queens Village,18
Cape Town,Ward 11,18
Rio de Janeiro,Portuguesa,18
New York,Parkchester,18
New York,Red Hook,18
Bangkok,Din Daeng,18
Rio de Janeiro,Tijuca,18
Rome,II Parioli/Nomentano,18
New York,Allerton,18
New York,Concourse,18
New York,Corona,18
Rio de Janeiro,Santa Teresa,17
New York,Ozone Park,17
New York,Laurelton,17
New York,Hunts Point,17
Rio de Janeiro,Copacabana,17
Rio de Janeiro,Meier,17
New York,St. George,17
Rome,III Monte Sacro,17
New York,Glendale,17
Rio de Janeiro,Iraja,17
Rome,VIII Appia Antica,17
Bangkok,Don Mueang,17
Bangkok,Thung khru,17
Cape Town,Ward 14,16
Rio de Janeiro,Ipanema,16
New York,Murray Hill,16
Rio de Janeiro,Cachambi,16
New York,Concourse Village,16
Sydney,Hunters Hill,16
New York,Far Rockaway,16
Rome,VII San Giovanni/Cinecitta,16
New York,Morris Park,16
Rio de Janeiro,Campo Grande,16
Bangkok,Phra Khanong,16
Cape Town,Ward 64,16
Rome,XV Cassia/Flaminia,16
Bangkok,Lat Krabang,16
Istanbul,Kagithane,16
New York,Tompkinsville,16
Cape Town,Ward 23,16
New York,Parkchester,16
Cape Town,Ward 26,16
New York,Bayside,16
Istanbul,Catalca,16
New York,University Heights,15
New York,Kew Gardens Hills,15
Istanbul,Maltepe,15
Bangkok,Bangkok Noi,15
New York,Williamsbridge,15
Bangkok,Bang Khun thain,15
Cape Town,Ward 57,15
Istanbul,Pendik,15
Rio de Janeiro,Bras de Pina,15
Bangkok,Chatu Chak,15
Bangkok,Khlong San,15
Hong Kong,Tsuen Wan,15
New York,Morris Heights,15
Sydney,Lane Cove,15
Bangkok,Pom Prap Sattru Phai,15
Mexico City,Gustavo A. Madero,14
Cape Town,Ward 74,14
New York,West Village,14
New York,Hell's Kitchen,14
New York,Allerton,14
New York,West Brighton,14
New York,Astoria,14
Rio de Janeiro,Maracana,14
Hong Kong,Tuen Mun,14
Cape Town,Ward 15,14
Bangkok,Suanluang,14
Sydney,Parramatta,14
Hong Kong,Tuen Mun,14
Mexico City,Gustavo A. Madero,14
New York,Fresh Meadows,14
Bangkok,Samphanthawong,14
New York,Highbridge,14
Cape Town,Ward 61,14
Paris,Temple,14
New York,Briarwood,14
Rio de Janeiro,Gardenia Azul,14
Rio de Janeiro,Bonsucesso,14
Bangkok,Thung khru,14
Rio de Janeiro,Joa,14
Istanbul,Atasehir,13
New York,Bayswater,13
New York,Port Morris,13
Sydney,Botany Bay,13
New York,Longwood,13
Istanbul,Sultangazi,13
Rio de Janeiro,Ipanema,13
New York,Flatbush,13
Mexico City,Milpa Alta,13
New York,Flatiron District,13
Paris,Observatoire,13
Rio de Janeiro,Alto da Boa Vista,13
Istanbul,Sultanbeyli,13
New York,College Point,13
Mexico City,Iztacalco,13
Rio de Janeiro,Flamengo,13
Bangkok,Nong Chok,13
Rio de Janeiro,Praca Seca,13
Sydney,Marrickville,12
Cape Town,Ward 22,12
Hong Kong,Eastern,12
Cape Town,Ward 77,12
Istanbul,Kartal,12
New York,Pelham Gardens,12
Istanbul,Bahcelievler,12
Cape Town,Ward 67,12
Sydney,Burwood,12
Rio de Janeiro,Engenho Novo,12
Istanbul,Kucukcekmece,12
Istanbul,Silivri,12
Sydney,Mosman,12
Rio de Janeiro,Saude,12
Hong Kong,Sham Shui Po,12
New York,Rockaway Beach,12
Hong Kong,Kwun Tong,12
Mexico City,A�lvaro Obregon,12
Rome,XIV Monte Mario,12
Bangkok,Bang Na,12
Istanbul,Sariyer,12
New York,Mount Hope,12
Rio de Janeiro,Paqueta,12
Cape Town,Ward 56,12
New York,Battery Park City,12
Rio de Janeiro,Sao Francisco Xavier,12
New York,Cambria Heights,12
Paris,Pantheon,12
New York,Cobble Hill,12
Rome,XII Monte Verde,12
Rio de Janeiro,Cidade Nova,11
New York,College Point,11
Mexico City,Cuajimalpa de Morelos,11
New York,Murray Hill,11
New York,Howard Beach,11
Hong Kong,Tai Po,11
Sydney,Woollahra,11
New York,Bronxdale,11
Mexico City,Venustiano Carranza,11
Hong Kong,Sha Tin,11
Rio de Janeiro,Bangu,11
Paris,Buttes-Chaumont,11
Cape Town,Ward 49,11
New York,Edenwald,11
Hong Kong,Tsuen Wan,11
Paris,Elysee,11
Bangkok,Lak Si,11
Bangkok,Don Mueang,11
New York,Civic Center,11
Rio de Janeiro,Cachambi,11
New York,Upper West Side,11
New York,Belmont,11
New York,East Flatbush,11
Paris,Hotel-de-Ville,11
Rio de Janeiro,Sao Conrado,11
Bangkok,Thawi Watthana,11
Rio de Janeiro,Vila Isabel,11
New York,Laurelton,11
Rio de Janeiro,Penha,11
New York,Greenpoint,11
New York,Highbridge,11
Bangkok,Nong Khaem,11
New York,Concord,10
Rio de Janeiro,Santa Cruz,10
Rio de Janeiro,Cidade Nova,10
New York,Pelham Gardens,10
Paris,Opera,10
Rio de Janeiro,Todos os Santos,10
Sydney,Canterbury,10
Hong Kong,Yuen Long,10
New York,Jamaica Estates,10
New York,Elmhurst,10
Cape Town,Ward 100,10
New York,Navy Yard,10
Rio de Janeiro,Rocinha,10
Cape Town,Ward 6,10
New York,Tremont,10
Hong Kong,Sha Tin,10
New York,Cambria Heights,10
New York,Bergen Beach,10
New York,South Ozone Park,10
New York,Throgs Neck,10
New York,Kew Gardens,10
Mexico City,Iztapalapa,10
Paris,Menilmontant,10
Bangkok,Bang Khun thain,10
New York,Hollis,10
New York,DUMBO,10
Istanbul,Bayrampasa,10
Rio de Janeiro,Centro,10
New York,Soundview,10
Istanbul,Eyup,10
New York,Fort Hamilton,10
Rome,VIII Appia Antica,10
New York,Clason Point,10
Paris,Bourse,10
Hong Kong,Central & Western,10
Mexico City,Milpa Alta,10
Rio de Janeiro,Freguesia (Jacarepagua),10
New York,Arrochar,9
New York,Schuylerville,9
New York,Randall Manor,9
New York,Dyker Heights,9
Rio de Janeiro,Iraja,9
Rio de Janeiro,Vila Valqueire,9
Cape Town,Ward 46,9
New York,Kew Gardens Hills,9
Bangkok,Yan na wa,9
Rio de Janeiro,Catete,9
New York,Crown Heights,9
Istanbul,Sultangazi,9
New York,Bath Beach,9
Istanbul,Adalar,9
New York,Eastchester,9
Rio de Janeiro,Saude,9
Rio de Janeiro,Rocha,9
Cape Town,Ward 43,9
New York,Bay Ridge,9
New York,Bellerose,9
Sydney,Auburn,9
Cape Town,Ward 56,9
Hong Kong,Wan Chai,9
New York,Grymes Hill,9
Cape Town,Ward 85,9
New York,Mount Hope,9
Sydney,Strathfield,9
Rio de Janeiro,Barra da Tijuca,9
Istanbul,Umraniye,8
New York,Roosevelt Island,8
Rio de Janeiro,Del Castilho,8
Rio de Janeiro,Encantado,8
Cape Town,Ward 72,8
Rio de Janeiro,Benfica,8
Rio de Janeiro,Realengo,8
Rio de Janeiro,Rocinha,8
New York,Pelham Bay,8
Bangkok,Bang Phlat,8
New York,Fieldston,8
Rio de Janeiro,Sao Francisco Xavier,8
New York,Clason Point,8
Rio de Janeiro,Riachuelo,8
Cape Town,Ward 54,8
New York,Financial District,8
Istanbul,Kartal,8
Sydney,Hurstville,8
Cape Town,Ward 26,8
Rio de Janeiro,Rio Comprido,8
Rio de Janeiro,Rocha,8
Rio de Janeiro,Tanque,8
New York,Bath Beach,8
Sydney,Willoughby,8
Rio de Janeiro,Santo Cristo,8
Bangkok,Phra Khanong,8
Rio de Janeiro,Riachuelo,8
New York,City Island,8
New York,Columbia St,8
Rio de Janeiro,Guadalupe,8
Istanbul,Bagcilar,8
Rio de Janeiro,Lins de Vasconcelos,8
Bangkok,Dusit,8
New York,Baychester,8
Rio de Janeiro,Gamboa,8
Bangkok,Lat Krabang,8
Istanbul,Esenler,8
Rio de Janeiro,Meier,8
Mexico City,A�lvaro Obregon,8
Rio de Janeiro,Botafogo,7
New York,Gowanus,7
New York,Bronxdale,7
New York,Claremont Village,7
New York,Dyker Heights,7
Rome,XIII Aurelia,7
Bangkok,Thawi Watthana,7
New York,NoHo,7
Rio de Janeiro,Vila Valqueire,7
Rio de Janeiro,Encantado,7
Mexico City,Cuajimalpa de Morelos,7
Rio de Janeiro,Gloria,7
Rio de Janeiro,Cidade de Deus,7
New York,East Morrisania,7
Rio de Janeiro,Bonsucesso,7
New York,Jamaica Estates,7
Rio de Janeiro,Laranjeiras,7
New York,Morris Park,7
Cape Town,Ward 43,7
New York,Coney Island,7
Rio de Janeiro,Bangu,7
Rio de Janeiro,Marechal Hermes,7
Cape Town,Ward 109,7
Rio de Janeiro,Gamboa,7
Sydney,Ashfield,7
New York,Lower East Side,7
New York,East Village,7
Bangkok,Nong Khaem,7
New York,Arrochar,7
Rome,IV Tiburtina,7
Bangkok,Bang Kapi,7
Rio de Janeiro,Praca Seca,7
Rome,VI Roma delle Torri,7
Rio de Janeiro,Tanque,7
New York,Far Rockaway,7
Cape Town,Ward 4,7
New York,Corona,7
New York,Flushing,7
New York,Long Island City,7
New York,Sheepshead Bay,7
Sydney,Manly,6
Rio de Janeiro,Padre Miguel,6
Rio de Janeiro,Curicica,6
Rio de Janeiro,Lins de Vasconcelos,6
Rio de Janeiro,Maria da Graca,6
Rio de Janeiro,Penha,6
Cape Town,Ward 48,6
Rio de Janeiro,Pedra de Guaratiba,6
Istanbul,Avcilar,6
Rio de Janeiro,Vila da Penha,6
New York,Borough Park,6
New York,Whitestone,6
Bangkok,Suanluang,6
New York,Sea Gate,6
Cape Town,Ward 19,6
New York,Inwood,6
Rio de Janeiro,Bras de Pina,6
Cape Town,Ward 94,6
Rio de Janeiro,Maria da Graca,6
New York,Stapleton,6
Rio de Janeiro,Campinho,6
Hong Kong,Kwai Tsing,6
Bangkok,Nong Chok,6
Rio de Janeiro,Paciencia,6
Rio de Janeiro,Ricardo de Albuquerque,6
Rome,XI Arvalia/Portuense,6
Paris,Louvre,6
New York,Jamaica Hills,6
New York,Chinatown,6
Rio de Janeiro,Engenho Novo,6
Cape Town,Ward 64,6
Rio de Janeiro,Taquara,6
Rio de Janeiro,Jacarepagua,6
New York,Grant City,6
New York,Mariners Harbor,6
New York,Clifton,6
New York,Unionport,6
Hong Kong,Wong Tai Sin,6
New York,Morris Heights,6
Paris,Palais-Bourbon,6
New York,Hunts Point,6
Istanbul,Buyukcekmece,6
New York,Morrisania,6
Istanbul,Sancaktepe,6
Rio de Janeiro,Estacio,6
Hong Kong,Tai Po,6
Istanbul,Zeytinburnu,6
Cape Town,Ward 59,6
Rio de Janeiro,Cidade de Deus,6
New York,Van Nest,6
Rio de Janeiro,Piedade,6
Rio de Janeiro,Senador Vasconcelos,6
Bangkok,Bangkok Yai,6
New York,Stapleton,6
Cape Town,Ward 86,6
Cape Town,Ward 48,6
New York,Riverdale,6
Rio de Janeiro,Bento Ribeiro,6
Rio de Janeiro,Higienopolis,5
Bangkok,Bangkok Noi,5
New York,West Brighton,5
New York,Fordham,5
Mexico City,Azcapotzalco,5
Cape Town,Ward 65,5
Cape Town,Ward 66,5
New York,Co-op City,5
New York,New Brighton,5
New York,Gravesend,5
Istanbul,Sultanbeyli,5
Istanbul,Beykoz,5
Cape Town,Ward 107,5
Cape Town,Ward 68,5
Bangkok,Wang Thong Lang,5
Rio de Janeiro,Catumbi,5
New York,Clifton,5
Sydney,Lane Cove,5
Cape Town,Ward 7,5
Hong Kong,Tuen Mun,5
Rio de Janeiro,Santissimo,5
New York,Concourse Village,5
Rio de Janeiro,Pilares,5
New York,Edgemere,5
Cape Town,Ward 62,5
Bangkok,Bangkok Yai,5
Rio de Janeiro,Piedade,5
Sydney,North Sydney,5
Rome,X Ostia/Acilia,5
New York,Midwood,5
New York,Vinegar Hill,5
New York,Eastchester,5
New York,Baychester,5
New York,Norwood,5
New York,Howard Beach,5
New York,Jamaica Estates,5
New York,Midland Beach,5
New York,Coney Island,5
Cape Town,Ward 21,5
Cape Town,Ward 72,5
New York,Sea Gate,5
New York,Greenpoint,5
Istanbul,Bayrampasa,5
Rio de Janeiro,Cocota,5
Istanbul,Umraniye,5
Rio de Janeiro,Cosmos,5
Hong Kong,Kwai Tsing,5
Rio de Janeiro,Santa Cruz,5
New York,Belmont,5
Rio de Janeiro,Madureira,5
Rome,III Monte Sacro,5
New York,Morrisania,5
New York,Westchester Square,5
Cape Town,Ward 49,5
Sydney,Auburn,5
Rio de Janeiro,Parada de Lucas,5
Cape Town,Ward 17,5
Cape Town,Ward 60,5
New York,Edenwald,5
Rome,X Ostia/Acilia,5
Rio de Janeiro,Del Castilho,5
New York,Mariners Harbor,5
Rome,IV Tiburtina,5
Istanbul,Sile,5
Sydney,Warringah,5
Sydney,Woollahra,5
New York,Hollis,5
New York,Melrose,5
New York,Edgemere,5
Bangkok,Thon buri,5
Rio de Janeiro,Vasco da Gama,5
New York,East Morrisania,5
Bangkok,Pra Wet,5
New York,Sunset Park,5
New York,Whitestone,5
Rio de Janeiro,Taua,5
Istanbul,Eyup,5
Rio de Janeiro,Sampaio,5
New York,Castleton Corners,4
New York,Gowanus,4
Cape Town,Ward 32,4
Cape Town,Ward 66,4
Rio de Janeiro,Padre Miguel,4
Rio de Janeiro,Humaita,4
Rio de Janeiro,Jardim Sulacap,4
Bangkok,Thon buri,4
New York,Randall Manor,4
New York,Ozone Park,4
New York,Port Morris,4
Rio de Janeiro,Pitangueiras,4
Cape Town,Ward 77,4
Rio de Janeiro,Jardim Sulacap,4
New York,Woodside,4
Rio de Janeiro,Penha Circular,4
Istanbul,Tuzla,4
Cape Town,Ward 76,4
Rio de Janeiro,Leblon,4
Sydney,Canada Bay,4
Rio de Janeiro,Cosmos,4
Hong Kong,Wong Tai Sin,4
Rio de Janeiro,Vasco da Gama,4
Sydney,Burwood,4
New York,City Island,4
Rio de Janeiro,Vila Militar,4
Rio de Janeiro,Andarai,4
Cape Town,Ward 10,4
Bangkok,Yan na wa,4
New York,Concord,4
Rio de Janeiro,Inhauma,4
New York,Jamaica Hills,4
Sydney,Waverley,4
New York,Fordham,4
Rio de Janeiro,Jardim Carioca,4
New York,Kips Bay,4
Cape Town,Ward 104,4
New York,Marble Hill,4
Rio de Janeiro,Ramos,4
Bangkok,Bang Khen,4
Rio de Janeiro,Abolicao,4
Istanbul,Catalca,4
Istanbul,Buyukcekmece,4
New York,Middle Village,4
Istanbul,Pendik,4
Rio de Janeiro,Taua,4
Istanbul,Beylikduzu,4
New York,Ridgewood,4
Rio de Janeiro,Vila da Penha,4
Rio de Janeiro,Olaria,4
New York,Jamaica,4
Cape Town,Ward 82,4
Rio de Janeiro,Vargem Pequena,4
Rio de Janeiro,Quintino Bocaiuva,4
New York,Woodlawn,4
Sydney,Marrickville,4
New York,North Riverdale,4
Hong Kong,Islands,4
Rio de Janeiro,Vicente de Carvalho,4
New York,Manhattan Beach,4
Cape Town,Ward 30,4
Cape Town,Ward 7,4
Sydney,The Hills Shire,4
Rome,IX Eur,4
Rio de Janeiro,Campinho,4
New York,Shore Acres,4
Cape Town,Ward 108,4
New York,Marble Hill,4
Rio de Janeiro,Santa Cruz,4
Rio de Janeiro,Catumbi,4
Cape Town,Ward 17,4
New York,Forest Hills,4
Rio de Janeiro,Mangueira,4
New York,East Elmhurst,4
Bangkok,Bang Bon,4
New York,Shore Acres,4
Sydney,Ku-Ring-Gai,4
New York,Port Richmond,4
Rio de Janeiro,Maracana,4
Cape Town,Ward 107,4
Rio de Janeiro,Gardenia Azul,4
Cape Town,Ward 12,4
Mexico City,Tlahuac,4
Sydney,Bankstown,4
Sydney,Parramatta,4
New York,Fieldston,4
Cape Town,Ward 23,4
Sydney,Holroyd,3
Rio de Janeiro,Guadalupe,3
Bangkok,Pra Wet,3
Rio de Janeiro,Urca,3
Rio de Janeiro,Higienopolis,3
New York,North Riverdale,3
Rio de Janeiro,Guaratiba,3
Sydney,Botany Bay,3
New York,Chelsea,3
Rio de Janeiro,Penha Circular,3
Istanbul,Esenyurt,3
Cape Town,Ward 19,3
Cape Town,Ward 2,3
Rio de Janeiro,Inhoaiba,3
New York,Bensonhurst,3
New York,New Dorp Beach,3
Rio de Janeiro,Bras de Pina,3
Bangkok,Bang Phlat,3
Cape Town,Ward 111,3
New York,Olinville,3
New York,Flatiron District,3
Bangkok,Bang Kho laen,3
Sydney,Warringah,3
Cape Town,Ward 84,3
Rio de Janeiro,Santo Cristo,3
Rio de Janeiro,Portuguesa,3
Cape Town,Ward 71,3
Rio de Janeiro,Tomas Coelho,3
Sydney,Sutherland Shire,3
Cape Town,Ward 73,3
Rio de Janeiro,Praia da Bandeira,3
New York,Sunnyside,3
Cape Town,Ward 100,3
Rio de Janeiro,Praca da Bandeira,3
New York,Jackson Heights,3
Hong Kong,Kowloon City,3
Paris,Luxembourg,3
New York,Dongan Hills,3
Rome,XV Cassia/Flaminia,3
Cape Town,Ward 116,3
New York,Queens Village,3
Rio de Janeiro,Cascadura,3
Rio de Janeiro,Sampaio,3
Cape Town,Ward 21,3
Sydney,Campbelltown,3
Rio de Janeiro,Santissimo,3
Sydney,Manly,3
Bangkok,Bang Sue,3
Rio de Janeiro,Senador Camara,3
New York,South Slope,3
New York,Grant City,3
Rio de Janeiro,Galeao,3
New York,Holliswood,3
Cape Town,Ward 51,3
Bangkok,Bang Bon,3
Cape Town,Ward 2,3
Cape Town,Ward 93,3
Rio de Janeiro,Vargem Grande,3
Hong Kong,Sai Kung,3
New York,Clinton Hill,3
New York,Kensington,3
Cape Town,Ward 116,3
Rio de Janeiro,Campo Grande,3
Istanbul,Sariyer,3
Rio de Janeiro,Rocha,3
Rio de Janeiro,Sepetiba,3
Rio de Janeiro,Cidade Universitaria,3
Bangkok,Bang Khun thain,3
Sydney,City Of Kogarah,3
New York,Nolita,3
Rio de Janeiro,Barros Filho,3
New York,Oakwood,3
New York,Bellerose,3
Cape Town,Ward 92,3
Mexico City,La Magdalena Contreras,3
Istanbul,Maltepe,3
Rio de Janeiro,Pilares,3
Rio de Janeiro,Pedra de Guaratiba,3
New York,Greenwich Village,3
Rio de Janeiro,Ramos,3
Mexico City,Xochimilco,3
New York,Tremont,3
New York,Soundview,3
New York,Eltingville,3
Cape Town,Ward 25,3
Bangkok,Bang Na,3
Cape Town,Ward 110,3
Bangkok,Bang Kapi,3
New York,Bayswater,3
Bangkok,Chatu Chak,3
New York,Stuyvesant Town,3
Rio de Janeiro,Sao Cristovao,3
Cape Town,Ward 22,3
Rio de Janeiro,Olaria,3
New York,East New York,3
Cape Town,Ward 112,3
New York,Melrose,3
Rio de Janeiro,Sepetiba,3
Rio de Janeiro,Engenho da Rainha,3
Cape Town,Ward 1,3
New York,Woodlawn,3
Rio de Janeiro,Grumari,3
Cape Town,Ward 94,2
Sydney,Liverpool,2
Sydney,Mosman,2
Rio de Janeiro,Iraja,2
Hong Kong,Islands,2
Rio de Janeiro,Parada de Lucas,2
Rio de Janeiro,Parque Anchieta,2
Rome,XI Arvalia/Portuense,2
Rio de Janeiro,Bancarios,2
Cape Town,Ward 75,2
New York,Woodhaven,2
New York,Cypress Hills,2
Rio de Janeiro,Praca Seca,2
New York,Emerson Hill,2
New York,Brownsville,2
New York,Spuyten Duyvil,2
New York,South Beach,2
New York,Douglaston,2
Rio de Janeiro,Penha Circular,2
New York,Arden Heights,2
Cape Town,Ward 65,2
Rio de Janeiro,Ricardo de Albuquerque,2
New York,Westerleigh,2
Sydney,Ku-Ring-Gai,2
New York,Greenwich Village,2
Sydney,Hornsby,2
Rio de Janeiro,Higienopolis,2
New York,Ditmars Steinway,2
New York,Bay Terrace,2
Cape Town,Ward 30,2
Rio de Janeiro,Parque Anchieta,2
Cape Town,Ward 41,2
Cape Town,Ward 92,2
Istanbul,Adalar,2
New York,Park Slope,2
Sydney,Penrith,2
Rio de Janeiro,Ramos,2
New York,Parkchester,2
New York,West Village,2
Rio de Janeiro,Gamboa,2
Cape Town,Ward 55,2
Istanbul,Arnavutkoy,2
New York,Riverdale,2
New York,New Springville,2
Cape Town,Ward 63,2
Hong Kong,Wong Tai Sin,2
Bangkok,Lat Phrao,2
Rio de Janeiro,Inhauma,2
Rio de Janeiro,Meier,2
Rio de Janeiro,Jacare,2
Rio de Janeiro,Monero,2
Rio de Janeiro,Lagoa,2
Cape Town,Ward 104,2
New York,Prince's Bay,2
New York,Port Richmond,2
Istanbul,Silivri,2
Mexico City,Milpa Alta,2
New York,Bergen Beach,2
Rio de Janeiro,Jacare,2
Bangkok,Chom Thong,2
Rio de Janeiro,Tomas Coelho,2
Rio de Janeiro,Cascadura,2
New York,Silver Lake,2
Rio de Janeiro,Marechal Hermes,2
New York,Belle Harbor,2
New York,Little Neck,2
New York,Concourse,2
New York,Richmond Hill,2
New York,Mount Eden,2
New York,Chinatown,2
Rio de Janeiro,Pavuna,2
New York,Bay Terrace,2
Bangkok,Taling Chan,2
New York,Mount Eden,2
New York,Van Nest,2
New York,Great Kills,2
Istanbul,Uskudar,2
Bangkok,Bang Kho laen,2
New York,Gramercy,2
New York,Williamsburg,2
Rio de Janeiro,Paciencia,2
New York,Flatlands,2
Istanbul,Cekmekoy,2
New York,Canarsie,2
New York,Howland Hook,2
New York,Downtown Brooklyn,2
New York,Spuyten Duyvil,2
Rio de Janeiro,Pitangueiras,2
New York,Concourse Village,2
Rio de Janeiro,Freguesia (Ilha),2
New York,Brighton Beach,2
Rio de Janeiro,Coelho Neto,2
New York,Rosebank,2
New York,Emerson Hill,2
Rio de Janeiro,Praca da Bandeira,2
Rio de Janeiro,Osvaldo Cruz,2
New York,Rossville,2
New York,Mill Basin,2
New York,Oakwood,2
Cape Town,Ward 53,2
Cape Town,Ward 85,2
Rio de Janeiro,Saude,2
New York,Holliswood,2
Cape Town,Ward 69,2
New York,Maspeth,2
Cape Town,Ward 82,2
Bangkok,Bang Khen,2
Cape Town,Ward 58,2
Rio de Janeiro,Pavuna,2
New York,New Dorp,2
New York,St. Albans,2
Rio de Janeiro,Ribeira,2
Rio de Janeiro,Gavea,2
Rio de Janeiro,Grajau,2
New York,Todt Hill,2
New York,Tremont,2
Cape Town,Ward 81,2
Rio de Janeiro,Senador Camara,2
New York,Little Neck,2
Rio de Janeiro,Coelho Neto,2
Rio de Janeiro,Vigario Geral,2
New York,Rosebank,2
Rio de Janeiro,Rocinha,2
Cape Town,Ward 16,2
Rio de Janeiro,Rocha Miranda,2
Cape Town,Ward 108,2
Cape Town,Ward 44,2
Rio de Janeiro,Cordovil,2
Rio de Janeiro,Vicente de Carvalho,2
Rio de Janeiro,Quintino Bocaiuva,2
Rio de Janeiro,Sao Francisco Xavier,2
Rio de Janeiro,Osvaldo Cruz,2
Istanbul,Bahcelievler,2
New York,Navy Yard,2
New York,Westchester Square,2
Cape Town,Ward 16,2
New York,Coney Island,2
Rio de Janeiro,Pechincha,2
Rio de Janeiro,Jardim Guanabara,1
New York,College Point,1
New York,West Farms,1
New York,Eltingville,1
Rio de Janeiro,Vista Alegre,1
New York,Richmondtown,1
Rio de Janeiro,Cidade Universitaria,1
Rio de Janeiro,Barros Filho,1
Rio de Janeiro,Bonsucesso,1
Rio de Janeiro,Taquara,1
Rio de Janeiro,Jardim Sulacap,1
New York,Mott Haven,1
Rio de Janeiro,Cacuia,1
New York,Huguenot,1
Sydney,Blacktown,1
Cape Town,Ward 12,1
New York,Tottenville,1
Rio de Janeiro,Complexo do Alemao,1
Rio de Janeiro,Cocota,1
New York,New Dorp Beach,1
Rio de Janeiro,Vaz Lobo,1
New York,Shore Acres,1
Rio de Janeiro,Benfica,1
New York,Holliswood,1
New York,Graniteville,1
Rio de Janeiro,Santissimo,1
New York,Bull's Head,1
Rio de Janeiro,Quintino Bocaiuva,1
Cape Town,Ward 31,1
Cape Town,Ward 68,1
New York,Fresh Meadows,1
Rio de Janeiro,Honorio Gurgel,1
Istanbul,Bagcilar,1
Rio de Janeiro,Cacuia,1
Rio de Janeiro,Riachuelo,1
New York,Bedford-Stuyvesant,1
Cape Town,Ward 96,1
New York,Fort Greene,1
Cape Town,Ward 113,1
New York,Civic Center,1
Rio de Janeiro,Engenho de Dentro,1
Hong Kong,Kwun Tong,1
New York,Briarwood,1
New York,Concord,1
Cape Town,Ward 101,1
Rio de Janeiro,Ribeira,1
Rio de Janeiro,Vila da Penha,1
Sydney,Camden,1
New York,Country Club,1
Rio de Janeiro,Parque Anchieta,1
New York,Todt Hill,1
Rio de Janeiro,Deodoro,1
New York,Prospect-Lefferts Gardens,1
New York,Bronxdale,1
Cape Town,Ward 45,1
Rio de Janeiro,Monero,1
New York,New Brighton,1
Rio de Janeiro,Saude,1
Mexico City,Iztapalapa,1
Rio de Janeiro,Vasco da Gama,1
Rio de Janeiro,Gericino,1
Cape Town,Ward 25,1
Istanbul,Sultangazi,1
Cape Town,Ward 94,1
New York,Red Hook,1
Bangkok,Bueng Kum,1
Cape Town,Ward 18,1
New York,Mill Basin,1
Rio de Janeiro,Leblon,1
Rio de Janeiro,Inhoaiba,1
Istanbul,Catalca,1
Rio de Janeiro,Cascadura,1
New York,Arden Heights,1
Sydney,Sutherland Shire,1
Rio de Janeiro,Vaz Lobo,1
Rio de Janeiro,Anchieta,1
Cape Town,Ward 50,1
Rio de Janeiro,Coelho Neto,1
Cape Town,Ward 61,1
Hong Kong,Sham Shui Po,1
Rio de Janeiro,Paqueta,1
Rio de Janeiro,Abolicao,1
Rio de Janeiro,Deodoro,1
New York,Willowbrook,1
Rio de Janeiro,Magalhaes Bastos,1
Istanbul,Tuzla,1
New York,Bayside,1
Bangkok,Phasi Charoen,1
Cape Town,Ward 29,1
Cape Town,Ward 40,1
New York,SoHo,1
Cape Town,Ward 83,1
Istanbul,Gungoren,1
New York,Fort Wadsworth,1
Rio de Janeiro,Mare,1
New York,New Springville,1
Cape Town,Ward 103,1
New York,Theater District,1
Cape Town,Ward 96,1
Rio de Janeiro,Cachambi,1
Bangkok,Min Buri,1
Rio de Janeiro,Agua Santa,1
Cape Town,Ward 110,1
New York,Kew Gardens,1
Rio de Janeiro,Mangueira,1
Cape Town,Ward 3,1
New York,Midland Beach,1
Istanbul,Sultanbeyli,1
Bangkok,Phasi Charoen,1
New York,Lighthouse Hill,1
New York,Douglaston,1
Mexico City,Tlalpan,1
New York,Kips Bay,1
New York,Springfield Gardens,1
Rio de Janeiro,Bancarios,1
Cape Town,Ward 72,1
Cape Town,Ward 4,1
Cape Town,Ward 91,1
New York,Far Rockaway,1
Rio de Janeiro,Anil,1
New York,Richmondtown,1
Rio de Janeiro,Alto da Boa Vista,1
Cape Town,Ward 38,1
New York,Park Slope,1
Sydney,Holroyd,1
Rio de Janeiro,Praia da Bandeira,1
Rio de Janeiro,Marechal Hermes,1
Rio de Janeiro,Encantado,1
New York,Unionport,1
Rio de Janeiro,Olaria,1
New York,Bull's Head,1
Rio de Janeiro,Zumbi,1
Sydney,Leichhardt,1
Rome,XIV Monte Mario,1
New York,Norwood,1
Cape Town,Ward 81,1
Cape Town,Ward 78,1
Cape Town,Ward 20,1
Rio de Janeiro,Vargem Pequena,1
New York,Harlem,1
Hong Kong,Tsuen Wan,1
Cape Town,Ward 111,1
Rio de Janeiro,Anchieta,1
New York,Bushwick,1
Sydney,Willoughby,1
Cape Town,Ward 57,1
Rio de Janeiro,Vila Kosmos,1
New York,Olinville,1
New York,East Village,1
Cape Town,Ward 44,1
New York,Battery Park City,1
Rio de Janeiro,Cosme Velho,1
Rio de Janeiro,Sampaio,1
Cape Town,Ward 6,1
New York,Woodrow,1
Rio de Janeiro,Mangueira,1
Rio de Janeiro,Complexo do Alemao,1
New York,St. George,1
New York,University Heights,1
Cape Town,Ward 32,1
Cape Town,Ward 9,1
Cape Town,Ward 74,1
Bangkok,Min Buri,1
Rio de Janeiro,Piedade,1
New York,Pelham Bay,1
Sydney,Pittwater,1
New York,Great Kills,1
New York,Rego Park,1
Rio de Janeiro,Manguinhos,1
Rio de Janeiro,Cavalcanti,1
New York,South Beach,1
Hong Kong,Tsuen Wan,1
Rio de Janeiro,Realengo,1
Rio de Janeiro,Cavalcanti,1
Cape Town,Ward 59,1
New York,Belle Harbor,1
Rio de Janeiro,Leme,1
Rio de Janeiro,Bento Ribeiro,1
Cape Town,Ward 1,1
Rio de Janeiro,Senador Camara,1
Cape Town,Ward 67,1
New York,Astoria,1
Rio de Janeiro,Manguinhos,1
Istanbul,Gaziosmanpasa,1
New York,Kew Gardens Hills,1
New York,Fort Hamilton,1
New York,Schuylerville,1
Cape Town,Ward 78,1
Rio de Janeiro,Engenho da Rainha,1
Cape Town,Ward 84,1
New York,Two Bridges,1
New York,Manhattan Beach,1
Rio de Janeiro,Jardim Carioca,1
Rio de Janeiro,Bangu,1
Cape Town,Ward 53,1
Rio de Janeiro,Rocha Miranda,1
Cape Town,Ward 29,1
Cape Town,Ward 28,1
Rio de Janeiro,Bento Ribeiro,1
New York,Graniteville,1
Cape Town,Ward 58,1
New York,Roosevelt Island,1
Rio de Janeiro,Camorim,1
Rio de Janeiro,Acari,1
New York,Mill Basin,1
Mexico City,Iztacalco,1
Cape Town,Ward 92,1
New York,Castle Hill,1
New York,Cobble Hill,1
New York,Olinville,1
New York,Little Neck,1
Cape Town,Ward 75,1
New York,Gerritsen Beach,1
Rio de Janeiro,Madureira,1
Cape Town,Ward 5,1
New York,Van Nest,1
Cape Town,Ward 55,1
Istanbul,Zeytinburnu,1
Rio de Janeiro,Maria da Graca,1
New York,Castleton Corners,1
Cape Town,Ward 26,1
